bacterial_species,isolate_code,administrative_region,national_site,local_site,sample_source,replicate,colony,esbl,ampicillin_int,amoxicillin/clavulanic_acid_int,ceftaroline_int,cefalexin_int,cefalotin_int,cefpodoxime_int,cefotaxime_int,cefovecin_int,ceftiofur_int,ceftazidime/avibactam_int,imepenem_int,amikacin_int,gentamicin_int,neomycin_int,nalidixic_acid_int,enrofloxacin_int,marbofloxacin_int,pradofloxacin_int,doxycycline_int,tetracycline_int,nitrofurantoin_int,chloramphenicol_int,trimethoprim/sulfamethazole_int,scored_resistance,num_antibiotics_tested,mar_index,ampicillin_encoded,amoxicillin/clavulanic_acid_encoded,ceftaroline_encoded,cefalexin_encoded,cefalotin_encoded,cefpodoxime_encoded,cefotaxime_encoded,cefovecin_encoded,ceftiofur_encoded,ceftazidime/avibactam_encoded,imepenem_encoded,amikacin_encoded,gentamicin_encoded,neomycin_encoded,nalidixic_acid_encoded,enrofloxacin_encoded,marbofloxacin_encoded,pradofloxacin_encoded,doxycycline_encoded,tetracycline_encoded,nitrofurantoin_encoded,chloramphenicol_encoded,trimethoprim/sulfamethazole_encoded,high_mar,species_target
klebsiella_pneumoniae_ssp_pneumoniae,ec_mddwr1c2,barmm,marawi_city,dayawan,drinking_water,1,2,neg,r,s,s,s,s,s,s,s,s,s,s,s,s,s,,s,s,s,s,s,s,s,s,1.0,22.0,0.0455,2.0,0.0,0.0,0.0,0.0,0.0,0.0,0.0,0.0,0.0,0,0.0,0,0.0,0.0,0.0,0.0,0.0,0.0,0.0,0.0,0.0,0.0,0,klebsiella_pneumoniae_ssp_pneumoniae
escherichia_coli,salpgdwr3c5,region_iii_central_luzon,pampanga,san_gabriel,drinking_water,3,5,neg,r,s,s,r,s,s,s,s,r,s,s,s,s,s,,i,s,s,r,r,s,r,r,7.0,22.0,0.3182,2.0,0.0,0.0,2.0,0.0,0.0,0.0,0.0,2.0,0.0,0,0.0,0,0.0,0.0,1.0,0.0,0.0,2.0,2.0,0.0,2.0,2.0,1,escherichia_coli
escherichia_coli,ec_olfbr1c15,region_viii_eastern_visayas,ormoc,larrazabal,fish_banak,1,15,neg,s,s,s,s,s,s,s,s,s,s,s,s,s,s,,s,s,s,s,s,s,s,s,0.0,22.0,0.0,0.0,0.0,0.0,0.0,0.0,0.0,0.0,0.0,0.0,0.0,0,0.0,0,0.0,0.0,0.0,0.0,0.0,0.0,0.0,0.0,0.0,0.0,0,escherichia_coli
escherichia_coli,ec_oafgr1c2,region_viii_eastern_visayas,ormoc,alegria,fish_gusaw,1,2,neg,s,s,s,s,s,s,s,s,s,s,s,s,s,s,,s,s,s,s,s,s,i,s,0.0,22.0,0.0,0.0,0.0,0.0,0.0,0.0,0.0,0.0,0.0,0.0,0.0,0,0.0,0,0.0,0.0,0.0,0.0,0.0,0.0,0.0,0.0,1.0,0.0,0,escherichia_coli
enterobacter_cloacae_complex,ec_pgrwr1c8,region_iii_central_luzon,pampanga,san_gabriel,river_water,1,8,,,r,,r,r,s,,s,s,s,s,s,s,s,,s,s,s,s,s,i,s,s,3.0,19.0,0.1579,2.0,2.0,0.0,2.0,2.0,0.0,0.0,0.0,0.0,0.0,0,0.0,0,0.0,0.0,0.0,0.0,0.0,0.0,0.0,1.0,0.0,0.0,0,enterobacter_cloacae_complex
escherichia_coli,ec_olfbr1c1,region_viii_eastern_visayas,ormoc,larrazabal,fish_banak,1,1,neg,s,s,s,s,s,s,s,s,s,s,s,s,s,s,,s,s,s,s,s,s,s,s,0.0,22.0,0.0,0.0,0.0,0.0,0.0,0.0,0.0,0.0,0.0,0.0,0.0,0,0.0,0,0.0,0.0,0.0,0.0,0.0,0.0,0.0,0.0,0.0,0.0,0,escherichia_coli
klebsiella_pneumoniae_ssp_pneumoniae,ec_mddwr2c3,barmm,marawi_city,dayawan,drinking_water,2,3,neg,r,s,s,s,s,s,s,s,s,s,s,s,s,s,,s,s,s,s,s,s,s,s,1.0,22.0,0.0455,2.0,0.0,0.0,0.0,0.0,0.0,0.0,0.0,0.0,0.0,0,0.0,0,0.0,0.0,0.0,0.0,0.0,0.0,0.0,0.0,0.0,0.0,0,klebsiella_pneumoniae_ssp_pneumoniae
salmonella_group,sgprdwr1c10,region_iii_central_luzon,pampanga,san_roque,drinking_water,1,10,,s,s,s,r,r,s,s,s,r,s,s,r,r,s,,s,s,s,s,s,s,s,s,5.0,22.0,0.2273,0.0,0.0,0.0,2.0,2.0,0.0,0.0,0.0,2.0,0.0,0,2.0,2,0.0,0.0,0.0,0.0,0.0,0.0,0.0,0.0,0.0,0.0,0,salmonella_group
escherichia_coli,ec_mdftr1c11,barmm,marawi_city,dayawan,fish_tilapia,1,11,neg,s,s,s,s,s,s,s,s,s,s,s,s,s,s,,s,s,s,r,r,s,s,s,2.0,22.0,0.0909,0.0,0.0,0.0,0.0,0.0,0.0,0.0,0.0,0.0,0.0,0,0.0,0,0.0,0.0,0.0,0.0,0.0,2.0,2.0,0.0,0.0,0.0,0,escherichia_coli
escherichia_coli,vc_mrftr3c1,barmm,marawi_city,gadongan,fish_tilapia,3,1,neg,s,s,s,s,s,s,s,s,s,s,s,s,s,s,,s,s,s,s,s,s,s,s,0.0,22.0,0.0,0.0,0.0,0.0,0.0,0.0,0.0,0.0,0.0,0.0,0.0,0,0.0,0,0.0,0.0,0.0,0.0,0.0,0.0,0.0,0.0,0.0,0.0,0,escherichia_coli
klebsiella_pneumoniae_ssp_pneumoniae,ec_olrwr1c4,region_viii_eastern_visayas,ormoc,larrazabal,river_water,1,4,neg,r,s,s,s,s,s,s,s,s,s,s,s,s,s,,s,s,s,r,r,s,s,s,3.0,22.0,0.1364,2.0,0.0,0.0,0.0,0.0,0.0,0.0,0.0,0.0,0.0,0,0.0,0,0.0,0.0,0.0,0.0,0.0,2.0,2.0,0.0,0.0,0.0,0,klebsiella_pneumoniae_ssp_pneumoniae
enterobacter_cloacae_complex,ec_mdlwr2c4,barmm,marawi_city,dayawan,lake_water,2,4,,,r,,r,r,s,s,s,s,s,s,s,s,s,,s,s,s,s,s,i,s,s,3.0,20.0,0.15,2.0,2.0,0.0,2.0,2.0,0.0,0.0,0.0,0.0,0.0,0,0.0,0,0.0,0.0,0.0,0.0,0.0,0.0,0.0,1.0,0.0,0.0,0,enterobacter_cloacae_complex
enterobacter_cloacae_complex,ec_oarwr1c10,region_viii_eastern_visayas,ormoc,alegria,river_water,1,10,,,r,,r,r,s,s,s,s,s,s,s,s,s,,s,s,s,s,s,s,s,s,3.0,19.0,0.1579,2.0,2.0,0.0,2.0,2.0,0.0,0.0,0.0,0.0,0.0,0,0.0,0,0.0,0.0,0.0,0.0,0.0,0.0,0.0,0.0,0.0,0.0,0,enterobacter_cloacae_complex
enterobacter_cloacae_complex,ec_pgfgr1c3,region_iii_central_luzon,pampanga,san_gabriel,fish_gusaw,1,3,,,r,,r,r,s,s,s,s,s,s,s,s,s,,s,s,s,s,s,i,s,s,3.0,20.0,0.15,2.0,2.0,0.0,2.0,2.0,0.0,0.0,0.0,0.0,0.0,0,0.0,0,0.0,0.0,0.0,0.0,0.0,0.0,0.0,1.0,0.0,0.0,0,enterobacter_cloacae_complex
klebsiella_pneumoniae_ssp_pneumoniae,ec_oarwr1c8,region_viii_eastern_visayas,ormoc,alegria,river_water,1,8,neg,r,s,s,s,s,s,s,s,s,s,s,s,s,s,,s,s,s,s,s,i,s,s,1.0,22.0,0.0455,2.0,0.0,0.0,0.0,0.0,0.0,0.0,0.0,0.0,0.0,0,0.0,0,0.0,0.0,0.0,0.0,0.0,0.0,0.0,1.0,0.0,0.0,0,klebsiella_pneumoniae_ssp_pneumoniae
klebsiella_pneumoniae_ssp_pneumoniae,ec_pgdwr3c4,region_iii_central_luzon,pampanga,san_gabriel,drinking_water,3,4,neg,r,s,s,s,s,s,s,s,s,s,s,s,s,s,,s,s,s,s,s,s,s,s,1.0,22.0,0.0455,2.0,0.0,0.0,0.0,0.0,0.0,0.0,0.0,0.0,0.0,0,0.0,0,0.0,0.0,0.0,0.0,0.0,0.0,0.0,0.0,0.0,0.0,0,klebsiella_pneumoniae_ssp_pneumoniae
escherichia_coli,ec_mdftr2c15,barmm,marawi_city,dayawan,fish_tilapia,2,15,,r,s,s,s,s,s,s,s,s,s,s,s,s,s,,s,s,s,s,s,s,s,s,1.0,22.0,0.0455,2.0,0.0,0.0,0.0,0.0,0.0,0.0,0.0,0.0,0.0,0,0.0,0,0.0,0.0,0.0,0.0,0.0,0.0,0.0,0.0,0.0,0.0,0,escherichia_coli
enterobacter_cloacae_complex,ec_prfgr3c1,region_iii_central_luzon,pampanga,san_roque,fish_gusaw,3,1,,,r,,r,r,s,s,s,s,s,s,s,s,s,,s,s,s,s,s,s,s,s,3.0,20.0,0.15,2.0,2.0,0.0,2.0,2.0,0.0,0.0,0.0,0.0,0.0,0,0.0,0,0.0,0.0,0.0,0.0,0.0,0.0,0.0,0.0,0.0,0.0,0,enterobacter_cloacae_complex
vibrio_cholerae,vc_mrlwr1c7,barmm,marawi_city,gadongan,lake_water,1,7,,r,i,,,,,,s,r,,s,s,s,,,s,s,,s,s,,s,s,2.0,13.0,0.1538,2.0,1.0,0.0,0.0,0.0,0.0,0.0,0.0,2.0,0.0,0,0.0,0,0.0,0.0,0.0,0.0,0.0,0.0,0.0,0.0,0.0,0.0,0,other
vibrio_fluvialis,vc_mrlwr1c12,barmm,marawi_city,gadongan,lake_water,1,12,,r,s,,,,,,s,s,,s,s,s,,,s,s,,s,s,,s,s,1.0,13.0,0.0769,2.0,0.0,0.0,0.0,0.0,0.0,0.0,0.0,0.0,0.0,0,0.0,0,0.0,0.0,0.0,0.0,0.0,0.0,0.0,0.0,0.0,0.0,0,other
klebsiella_pneumoniae_ssp_pneumoniae,ec_oafbr3c16,region_viii_eastern_visayas,ormoc,alegria,fish_banak,3,16,neg,r,s,s,s,s,s,s,s,s,s,s,s,s,s,,s,s,s,s,s,i,s,s,1.0,22.0,0.0455,2.0,0.0,0.0,0.0,0.0,0.0,0.0,0.0,0.0,0.0,0,0.0,0,0.0,0.0,0.0,0.0,0.0,0.0,0.0,1.0,0.0,0.0,0,klebsiella_pneumoniae_ssp_pneumoniae
pseudomonas_aeruginosa,saloarwr1c7,region_viii_eastern_visayas,ormoc,alegria,river_water,1,7,,,,,,,,r,r,r,,s,s,s,,,i,s,,,,,,,3.0,8.0,0.375,2.0,0.0,0.0,0.0,0.0,0.0,2.0,2.0,2.0,0.0,0,0.0,0,0.0,0.0,1.0,0.0,0.0,0.0,0.0,0.0,0.0,0.0,1,pseudomonas_aeruginosa
escherichia_coli,ec_mrfkr2c1,barmm,marawi_city,gadongan,fish_kaolang,2,1,neg,s,s,s,s,s,s,s,s,s,s,s,s,s,s,,s,s,s,s,s,s,s,s,0.0,22.0,0.0,0.0,0.0,0.0,0.0,0.0,0.0,0.0,0.0,0.0,0.0,0,0.0,0,0.0,0.0,0.0,0.0,0.0,0.0,0.0,0.0,0.0,0.0,0,escherichia_coli
vibrio_cholerae,vc_mrlwr1c3,barmm,marawi_city,gadongan,lake_water,1,3,,r,s,,,,,,s,s,,s,s,s,,,s,s,,s,s,,s,s,1.0,13.0,0.0769,2.0,0.0,0.0,0.0,0.0,0.0,0.0,0.0,0.0,0.0,0,0.0,0,0.0,0.0,0.0,0.0,0.0,0.0,0.0,0.0,0.0,0.0,0,other
klebsiella_pneumoniae_ssp_pneumoniae,ec_maewur1c14,barmm,marawi_city,apmc,effluent_water_untreated,1,14,neg,r,s,s,s,s,s,s,s,s,s,s,s,s,s,,s,s,s,s,s,s,s,s,1.0,22.0,0.0455,2.0,0.0,0.0,0.0,0.0,0.0,0.0,0.0,0.0,0.0,0,0.0,0,0.0,0.0,0.0,0.0,0.0,0.0,0.0,0.0,0.0,0.0,0,klebsiella_pneumoniae_ssp_pneumoniae
escherichia_coli,ec_olfgr1c2,region_viii_eastern_visayas,ormoc,larrazabal,fish_gusaw,1,2,neg,r,s,s,s,s,s,s,s,s,s,s,s,s,s,,s,s,s,i,r,s,s,s,2.0,22.0,0.0909,2.0,0.0,0.0,0.0,0.0,0.0,0.0,0.0,0.0,0.0,0,0.0,0,0.0,0.0,0.0,0.0,0.0,1.0,2.0,0.0,0.0,0.0,0,escherichia_coli
salmonella_group,sgprdwr2c9,region_iii_central_luzon,pampanga,san_roque,drinking_water,2,9,,s,s,s,r,r,s,s,s,s,s,s,r,r,s,,s,s,s,s,s,s,s,s,4.0,22.0,0.1818,0.0,0.0,0.0,2.0,2.0,0.0,0.0,0.0,0.0,0.0,0,2.0,2,0.0,0.0,0.0,0.0,0.0,0.0,0.0,0.0,0.0,0.0,0,salmonella_group
salmonella_group,sgprdwr3c8,region_iii_central_luzon,pampanga,san_roque,drinking_water,3,8,,s,s,s,r,r,s,s,s,r,s,s,r,r,s,,s,s,s,s,s,s,s,s,5.0,22.0,0.2273,0.0,0.0,0.0,2.0,2.0,0.0,0.0,0.0,2.0,0.0,0,2.0,2,0.0,0.0,0.0,0.0,0.0,0.0,0.0,0.0,0.0,0.0,0,salmonella_group
klebsiella_pneumoniae_ssp_pneumoniae,ec_mrftr1c10,barmm,marawi_city,gadongan,fish_tilapia,1,10,neg,r,s,s,s,s,s,s,s,s,s,s,s,s,s,,s,s,s,s,s,i,s,s,1.0,22.0,0.0455,2.0,0.0,0.0,0.0,0.0,0.0,0.0,0.0,0.0,0.0,0,0.0,0,0.0,0.0,0.0,0.0,0.0,0.0,0.0,1.0,0.0,0.0,0,klebsiella_pneumoniae_ssp_pneumoniae
klebsiella_pneumoniae_ssp_pneumoniae,ec_mkfkr2c3,barmm,marawi_city,tuca_kialdan,fish_kaolang,2,3,neg,r,s,s,s,s,s,s,s,s,s,s,s,s,s,,s,s,s,s,s,s,s,s,1.0,22.0,0.0455,2.0,0.0,0.0,0.0,0.0,0.0,0.0,0.0,0.0,0.0,0,0.0,0,0.0,0.0,0.0,0.0,0.0,0.0,0.0,0.0,0.0,0.0,0,klebsiella_pneumoniae_ssp_pneumoniae
enterobacter_cloacae_complex,ec_oarwr2c3,region_viii_eastern_visayas,ormoc,alegria,river_water,2,3,,,r,,r,r,s,s,s,s,s,s,s,s,s,,s,s,s,s,s,s,s,s,3.0,19.0,0.1579,2.0,2.0,0.0,2.0,2.0,0.0,0.0,0.0,0.0,0.0,0,0.0,0,0.0,0.0,0.0,0.0,0.0,0.0,0.0,0.0,0.0,0.0,0,enterobacter_cloacae_complex
escherichia_coli,ec_maewur3c31,barmm,marawi_city,apmc,effluent_water_untreated,3,31,neg,s,s,s,s,s,s,s,s,s,s,s,s,s,s,,s,s,s,s,s,s,s,s,0.0,22.0,0.0,0.0,0.0,0.0,0.0,0.0,0.0,0.0,0.0,0.0,0.0,0,0.0,0,0.0,0.0,0.0,0.0,0.0,0.0,0.0,0.0,0.0,0.0,0,escherichia_coli
klebsiella_pneumoniae_ssp_pneumoniae,ec_maewur3c20,barmm,marawi_city,apmc,effluent_water_untreated,3,20,neg,r,s,s,s,s,s,s,s,s,s,s,s,s,s,,s,s,s,s,s,s,s,s,1.0,22.0,0.0455,2.0,0.0,0.0,0.0,0.0,0.0,0.0,0.0,0.0,0.0,0,0.0,0,0.0,0.0,0.0,0.0,0.0,0.0,0.0,0.0,0.0,0.0,0,klebsiella_pneumoniae_ssp_pneumoniae
escherichia_coli,salpgfgr3c10,region_iii_central_luzon,pampanga,san_gabriel,fish_gusaw,3,10,neg,r,s,s,r,s,s,s,s,r,s,s,s,s,s,,i,s,s,r,r,s,r,r,7.0,22.0,0.3182,2.0,0.0,0.0,2.0,0.0,0.0,0.0,0.0,2.0,0.0,0,0.0,0,0.0,0.0,1.0,0.0,0.0,2.0,2.0,0.0,2.0,2.0,1,escherichia_coli
enterobacter_cloacae_complex,ec_oadwr1c3,region_viii_eastern_visayas,ormoc,alegria,drinking_water,1,3,,,r,,r,r,s,s,s,s,s,i,s,s,s,,i,s,i,s,s,s,s,s,3.0,20.0,0.15,2.0,2.0,0.0,2.0,2.0,0.0,0.0,0.0,0.0,0.0,1,0.0,0,0.0,0.0,1.0,0.0,1.0,0.0,0.0,0.0,0.0,0.0,0,enterobacter_cloacae_complex
enterobacter_cloacae_complex,ec_pgrwr2c5,region_iii_central_luzon,pampanga,san_gabriel,river_water,2,5,,,r,,r,r,s,s,s,s,s,s,s,s,s,,s,s,s,s,s,i,s,s,3.0,20.0,0.15,2.0,2.0,0.0,2.0,2.0,0.0,0.0,0.0,0.0,0.0,0,0.0,0,0.0,0.0,0.0,0.0,0.0,0.0,0.0,1.0,0.0,0.0,0,enterobacter_cloacae_complex
klebsiella_pneumoniae_ssp_pneumoniae,ec_mkftr2c5,barmm,marawi_city,tuca_kialdan,fish_tilapia,2,5,neg,r,s,s,s,s,s,s,s,s,s,s,s,s,s,,s,s,s,s,s,s,s,s,1.0,22.0,0.0455,2.0,0.0,0.0,0.0,0.0,0.0,0.0,0.0,0.0,0.0,0,0.0,0,0.0,0.0,0.0,0.0,0.0,0.0,0.0,0.0,0.0,0.0,0,klebsiella_pneumoniae_ssp_pneumoniae
escherichia_coli,ec_olfbr2c15,region_viii_eastern_visayas,ormoc,larrazabal,fish_banak,2,15,neg,s,s,s,s,s,s,s,s,s,s,s,s,s,s,,s,s,s,s,s,s,s,s,0.0,22.0,0.0,0.0,0.0,0.0,0.0,0.0,0.0,0.0,0.0,0.0,0.0,0,0.0,0,0.0,0.0,0.0,0.0,0.0,0.0,0.0,0.0,0.0,0.0,0,escherichia_coli
enterobacter_aerogenes,ec_pgftr1c12,region_iii_central_luzon,pampanga,san_gabriel,fish_tilapia,1,12,,,r,s,r,r,s,s,s,s,s,s,s,s,s,,s,s,s,s,s,i,s,s,3.0,21.0,0.1429,2.0,2.0,0.0,2.0,2.0,0.0,0.0,0.0,0.0,0.0,0,0.0,0,0.0,0.0,0.0,0.0,0.0,0.0,0.0,1.0,0.0,0.0,0,enterobacter_aerogenes
klebsiella_pneumoniae_ssp_pneumoniae,ec_mrfkr3c6,barmm,marawi_city,gadongan,fish_kaolang,3,6,neg,r,s,s,s,s,s,s,s,s,s,s,s,s,s,,s,s,s,s,s,s,s,s,1.0,22.0,0.0455,2.0,0.0,0.0,0.0,0.0,0.0,0.0,0.0,0.0,0.0,0,0.0,0,0.0,0.0,0.0,0.0,0.0,0.0,0.0,0.0,0.0,0.0,0,klebsiella_pneumoniae_ssp_pneumoniae
escherichia_coli,ec_mdftr2c3,barmm,marawi_city,dayawan,fish_tilapia,2,3,neg,r,s,,r,r,i,,r,r,,r,s,s,s,,s,s,s,s,s,s,s,s,6.0,19.0,0.3158,2.0,0.0,0.0,2.0,2.0,1.0,0.0,2.0,2.0,0.0,2,0.0,0,0.0,0.0,0.0,0.0,0.0,0.0,0.0,0.0,0.0,0.0,1,escherichia_coli
escherichia_coli,ec_oafgr1c11,region_viii_eastern_visayas,ormoc,alegria,fish_gusaw,1,11,neg,s,s,s,s,i,s,s,s,s,s,s,s,s,s,,s,s,s,s,s,s,i,s,0.0,22.0,0.0,0.0,0.0,0.0,0.0,1.0,0.0,0.0,0.0,0.0,0.0,0,0.0,0,0.0,0.0,0.0,0.0,0.0,0.0,0.0,0.0,1.0,0.0,0,escherichia_coli
klebsiella_pneumoniae_ssp_pneumoniae,ec_pgrwr3c1,region_iii_central_luzon,pampanga,san_gabriel,river_water,3,1,neg,r,s,s,s,s,s,s,s,s,s,s,s,s,s,,s,s,s,s,s,s,s,s,1.0,22.0,0.0455,2.0,0.0,0.0,0.0,0.0,0.0,0.0,0.0,0.0,0.0,0,0.0,0,0.0,0.0,0.0,0.0,0.0,0.0,0.0,0.0,0.0,0.0,0,klebsiella_pneumoniae_ssp_pneumoniae
escherichia_coli,ec_mdftr1c2,barmm,marawi_city,dayawan,fish_tilapia,1,2,neg,r,s,s,s,s,s,s,s,s,s,s,s,s,s,,s,s,s,s,s,s,s,s,1.0,22.0,0.0455,2.0,0.0,0.0,0.0,0.0,0.0,0.0,0.0,0.0,0.0,0,0.0,0,0.0,0.0,0.0,0.0,0.0,0.0,0.0,0.0,0.0,0.0,0,escherichia_coli
pseudomonas_aeruginosa,salolfbr2c1,region_viii_eastern_visayas,ormoc,larrazabal,fish_banak,2,1,,,,,,,,r,r,r,,s,s,s,,,s,s,,,,,,,3.0,8.0,0.375,2.0,0.0,0.0,0.0,0.0,0.0,2.0,2.0,2.0,0.0,0,0.0,0,0.0,0.0,0.0,0.0,0.0,0.0,0.0,0.0,0.0,0.0,1,pseudomonas_aeruginosa
salmonella_group,salpgrwr3c6,region_iii_central_luzon,pampanga,san_gabriel,river_water,3,6,,s,s,s,r,r,s,s,s,s,s,s,r,r,s,,s,s,s,s,s,s,s,s,4.0,22.0,0.1818,0.0,0.0,0.0,2.0,2.0,0.0,0.0,0.0,0.0,0.0,0,2.0,2,0.0,0.0,0.0,0.0,0.0,0.0,0.0,0.0,0.0,0.0,0,salmonella_group
escherichia_coli,ec_mrftr3c1,barmm,marawi_city,gadongan,fish_tilapia,3,1,neg,s,s,s,s,s,s,s,s,s,s,s,s,s,s,,s,s,s,s,s,s,s,s,0.0,22.0,0.0,0.0,0.0,0.0,0.0,0.0,0.0,0.0,0.0,0.0,0.0,0,0.0,0,0.0,0.0,0.0,0.0,0.0,0.0,0.0,0.0,0.0,0.0,0,escherichia_coli
escherichia_coli,ec_oafbr3c1,region_viii_eastern_visayas,ormoc,alegria,fish_banak,3,1,neg,s,s,s,s,s,s,s,s,s,s,s,s,s,s,,s,s,s,r,r,s,s,s,2.0,22.0,0.0909,0.0,0.0,0.0,0.0,0.0,0.0,0.0,0.0,0.0,0.0,0,0.0,0,0.0,0.0,0.0,0.0,0.0,2.0,2.0,0.0,0.0,0.0,0,escherichia_coli
escherichia_coli,ec_oafgr3c3,region_viii_eastern_visayas,ormoc,alegria,fish_gusaw,3,3,neg,s,s,s,s,s,s,s,s,s,s,s,s,s,s,,s,s,s,r,r,s,s,s,2.0,22.0,0.0909,0.0,0.0,0.0,0.0,0.0,0.0,0.0,0.0,0.0,0.0,0,0.0,0,0.0,0.0,0.0,0.0,0.0,2.0,2.0,0.0,0.0,0.0,0,escherichia_coli
enterobacter_cloacae_complex,ec_mkfkr1c9,barmm,marawi_city,tuca_kialdan,fish_kaolang,1,9,,,r,,r,r,s,,i,s,s,s,s,s,s,,s,s,s,s,s,s,s,s,3.0,19.0,0.1579,2.0,2.0,0.0,2.0,2.0,0.0,0.0,1.0,0.0,0.0,0,0.0,0,0.0,0.0,0.0,0.0,0.0,0.0,0.0,0.0,0.0,0.0,0,enterobacter_cloacae_complex
klebsiella_pneumoniae_ssp_pneumoniae,ec_mkftr2c15,barmm,marawi_city,tuca_kialdan,fish_tilapia,2,15,neg,r,s,s,s,s,s,s,s,s,s,s,s,s,s,,s,s,s,r,r,s,s,r,4.0,22.0,0.1818,2.0,0.0,0.0,0.0,0.0,0.0,0.0,0.0,0.0,0.0,0,0.0,0,0.0,0.0,0.0,0.0,0.0,2.0,2.0,0.0,0.0,2.0,0,klebsiella_pneumoniae_ssp_pneumoniae
escherichia_coli,ec_mrlwr2c10,barmm,marawi_city,gadongan,lake_water,2,10,neg,r,s,s,s,i,s,s,s,s,s,s,s,s,s,,i,i,s,r,r,s,i,r,4.0,22.0,0.1818,2.0,0.0,0.0,0.0,1.0,0.0,0.0,0.0,0.0,0.0,0,0.0,0,0.0,0.0,1.0,1.0,0.0,2.0,2.0,0.0,1.0,2.0,0,escherichia_coli
klebsiella_pneumoniae_ssp_pneumoniae,ec_mrlwr1c11,barmm,marawi_city,gadongan,lake_water,1,11,neg,r,s,s,s,s,s,s,s,s,s,s,s,s,s,,s,s,s,s,s,s,s,s,1.0,22.0,0.0455,2.0,0.0,0.0,0.0,0.0,0.0,0.0,0.0,0.0,0.0,0,0.0,0,0.0,0.0,0.0,0.0,0.0,0.0,0.0,0.0,0.0,0.0,0,klebsiella_pneumoniae_ssp_pneumoniae
escherichia_coli,ec_olfbr2c12,region_viii_eastern_visayas,ormoc,larrazabal,fish_banak,2,12,neg,s,s,s,s,s,s,s,s,s,s,s,s,s,s,,s,s,s,s,s,s,s,s,0.0,22.0,0.0,0.0,0.0,0.0,0.0,0.0,0.0,0.0,0.0,0.0,0.0,0,0.0,0,0.0,0.0,0.0,0.0,0.0,0.0,0.0,0.0,0.0,0.0,0,escherichia_coli
klebsiella_pneumoniae_ssp_pneumoniae,ec_mkftr1c11,barmm,marawi_city,tuca_kialdan,fish_tilapia,1,11,neg,r,s,s,s,s,s,,s,s,s,s,s,s,s,,s,s,s,r,r,s,s,r,4.0,21.0,0.1905,2.0,0.0,0.0,0.0,0.0,0.0,0.0,0.0,0.0,0.0,0,0.0,0,0.0,0.0,0.0,0.0,0.0,2.0,2.0,0.0,0.0,2.0,0,klebsiella_pneumoniae_ssp_pneumoniae
klebsiella_pneumoniae_ssp_pneumoniae,ec_prfgr2c8,region_iii_central_luzon,pampanga,san_roque,fish_gusaw,2,8,neg,r,s,s,s,s,s,s,s,s,s,s,s,s,s,,s,s,s,s,s,i,s,s,1.0,22.0,0.0455,2.0,0.0,0.0,0.0,0.0,0.0,0.0,0.0,0.0,0.0,0,0.0,0,0.0,0.0,0.0,0.0,0.0,0.0,0.0,1.0,0.0,0.0,0,klebsiella_pneumoniae_ssp_pneumoniae
klebsiella_pneumoniae_ssp_pneumoniae,ec_pgftr2c6,region_iii_central_luzon,pampanga,san_gabriel,fish_tilapia,2,6,neg,r,s,s,s,s,s,s,s,s,s,s,s,s,s,,s,s,s,s,s,s,s,s,1.0,22.0,0.0455,2.0,0.0,0.0,0.0,0.0,0.0,0.0,0.0,0.0,0.0,0,0.0,0,0.0,0.0,0.0,0.0,0.0,0.0,0.0,0.0,0.0,0.0,0,klebsiella_pneumoniae_ssp_pneumoniae
escherichia_coli,ec_maewur2c26,barmm,marawi_city,apmc,effluent_water_untreated,2,26,neg,s,s,s,s,s,s,s,s,s,s,s,s,s,s,,s,s,s,s,s,s,s,s,0.0,22.0,0.0,0.0,0.0,0.0,0.0,0.0,0.0,0.0,0.0,0.0,0.0,0,0.0,0,0.0,0.0,0.0,0.0,0.0,0.0,0.0,0.0,0.0,0.0,0,escherichia_coli
salmonella_group,sgpgrwr1c10,region_iii_central_luzon,pampanga,san_gabriel,river_water,1,10,,s,s,s,r,r,s,s,s,s,s,s,r,r,s,,s,s,s,s,s,s,s,s,4.0,22.0,0.1818,0.0,0.0,0.0,2.0,2.0,0.0,0.0,0.0,0.0,0.0,0,2.0,2,0.0,0.0,0.0,0.0,0.0,0.0,0.0,0.0,0.0,0.0,0,salmonella_group
klebsiella_pneumoniae_ssp_pneumoniae,ec_olfgr1c8,region_viii_eastern_visayas,ormoc,larrazabal,fish_gusaw,1,8,neg,r,s,s,s,s,s,s,s,,s,s,s,s,s,,s,s,s,,s,s,s,s,1.0,22.0,0.0455,2.0,0.0,0.0,0.0,0.0,0.0,0.0,0.0,0.0,0.0,0,0.0,0,0.0,0.0,0.0,0.0,0.0,0.0,0.0,0.0,0.0,0.0,0,klebsiella_pneumoniae_ssp_pneumoniae
enterobacter_cloacae_complex,ec_mkfkr3c4,barmm,marawi_city,tuca_kialdan,fish_kaolang,3,4,,,r,,r,r,s,s,s,s,s,s,s,s,s,,s,s,s,r,r,s,s,s,5.0,20.0,0.25,2.0,2.0,0.0,2.0,2.0,0.0,0.0,0.0,0.0,0.0,0,0.0,0,0.0,0.0,0.0,0.0,0.0,2.0,2.0,0.0,0.0,0.0,0,enterobacter_cloacae_complex
klebsiella_pneumoniae_ssp_pneumoniae,ec_mkftr3c2,barmm,marawi_city,tuca_kialdan,fish_tilapia,3,2,neg,r,s,s,s,s,s,s,s,s,s,s,s,s,s,,s,s,s,s,s,i,s,s,1.0,22.0,0.0455,2.0,0.0,0.0,0.0,0.0,0.0,0.0,0.0,0.0,0.0,0,0.0,0,0.0,0.0,0.0,0.0,0.0,0.0,0.0,1.0,0.0,0.0,0,klebsiella_pneumoniae_ssp_pneumoniae
escherichia_coli,salpgdwr3c6,region_iii_central_luzon,pampanga,san_gabriel,drinking_water,3,6,neg,r,s,s,r,s,s,s,s,r,s,s,s,s,s,,i,s,s,r,r,s,r,r,7.0,22.0,0.3182,2.0,0.0,0.0,2.0,0.0,0.0,0.0,0.0,2.0,0.0,0,0.0,0,0.0,0.0,1.0,0.0,0.0,2.0,2.0,0.0,2.0,2.0,1,escherichia_coli
escherichia_coli,ec_oafgr3c4,region_viii_eastern_visayas,ormoc,alegria,fish_gusaw,3,4,neg,s,s,s,s,s,s,s,s,s,s,s,s,s,s,,s,s,s,r,r,s,s,s,2.0,22.0,0.0909,0.0,0.0,0.0,0.0,0.0,0.0,0.0,0.0,0.0,0.0,0,0.0,0,0.0,0.0,0.0,0.0,0.0,2.0,2.0,0.0,0.0,0.0,0,escherichia_coli
escherichia_coli,ec_oafgr3c2,region_viii_eastern_visayas,ormoc,alegria,fish_gusaw,3,2,neg,r,s,s,s,s,s,s,s,s,s,s,s,s,,,i,s,s,r,r,r,i,s,4.0,22.0,0.1818,2.0,0.0,0.0,0.0,0.0,0.0,0.0,0.0,0.0,0.0,0,0.0,0,0.0,0.0,1.0,0.0,0.0,2.0,2.0,2.0,1.0,0.0,0,escherichia_coli
enterobacter_aerogenes,ec_pgfgr1c17,region_iii_central_luzon,pampanga,san_gabriel,fish_gusaw,1,17,,,r,s,r,r,s,s,s,s,s,s,s,s,s,,s,s,s,s,s,i,s,s,3.0,21.0,0.1429,2.0,2.0,0.0,2.0,2.0,0.0,0.0,0.0,0.0,0.0,0,0.0,0,0.0,0.0,0.0,0.0,0.0,0.0,0.0,1.0,0.0,0.0,0,enterobacter_aerogenes
enterobacter_cloacae_complex,ec_prfgr3c17,region_iii_central_luzon,pampanga,san_roque,fish_gusaw,3,17,,,r,,r,r,s,s,s,s,s,s,s,s,s,,s,s,s,s,s,i,s,s,3.0,20.0,0.15,2.0,2.0,0.0,2.0,2.0,0.0,0.0,0.0,0.0,0.0,0,0.0,0,0.0,0.0,0.0,0.0,0.0,0.0,0.0,1.0,0.0,0.0,0,enterobacter_cloacae_complex
escherichia_coli,ec_maewur2c1,barmm,marawi_city,apmc,effluent_water_untreated,2,1,neg,r,i,s,s,i,s,s,s,s,s,s,s,s,s,,s,s,s,s,s,s,s,r,2.0,22.0,0.0909,2.0,1.0,0.0,0.0,1.0,0.0,0.0,0.0,0.0,0.0,0,0.0,0,0.0,0.0,0.0,0.0,0.0,0.0,0.0,0.0,0.0,2.0,0,escherichia_coli
escherichia_coli,ec_maewur1c27,barmm,marawi_city,apmc,effluent_water_untreated,1,27,neg,s,s,s,s,s,s,s,s,s,s,s,s,s,s,,s,s,s,r,r,s,s,s,2.0,22.0,0.0909,0.0,0.0,0.0,0.0,0.0,0.0,0.0,0.0,0.0,0.0,0,0.0,0,0.0,0.0,0.0,0.0,0.0,2.0,2.0,0.0,0.0,0.0,0,escherichia_coli
klebsiella_pneumoniae_ssp_pneumoniae,ec_pgrwr3c2,region_iii_central_luzon,pampanga,san_gabriel,river_water,3,2,neg,r,s,s,s,s,s,s,s,s,s,s,s,s,s,,s,s,s,s,s,i,s,s,1.0,22.0,0.0455,2.0,0.0,0.0,0.0,0.0,0.0,0.0,0.0,0.0,0.0,0,0.0,0,0.0,0.0,0.0,0.0,0.0,0.0,0.0,1.0,0.0,0.0,0,klebsiella_pneumoniae_ssp_pneumoniae
escherichia_coli,ec_oafgr3c7,region_viii_eastern_visayas,ormoc,alegria,fish_gusaw,3,7,neg,s,s,s,s,i,s,s,s,s,s,s,s,s,s,,s,s,s,s,s,s,i,s,0.0,22.0,0.0,0.0,0.0,0.0,0.0,1.0,0.0,0.0,0.0,0.0,0.0,0,0.0,0,0.0,0.0,0.0,0.0,0.0,0.0,0.0,0.0,1.0,0.0,0,escherichia_coli
escherichia_coli,sgpgfgr3c7,region_iii_central_luzon,pampanga,san_gabriel,fish_gusaw,3,7,neg,r,s,s,r,s,s,s,s,i,s,s,s,s,s,,i,s,s,r,r,s,r,r,6.0,22.0,0.2727,2.0,0.0,0.0,2.0,0.0,0.0,0.0,0.0,1.0,0.0,0,0.0,0,0.0,0.0,1.0,0.0,0.0,2.0,2.0,0.0,2.0,2.0,0,escherichia_coli
enterobacter_aerogenes,ec_pgfgr3c15,region_iii_central_luzon,pampanga,san_gabriel,fish_gusaw,3,15,,,r,s,r,r,s,s,s,i,s,s,s,s,s,,s,s,s,s,s,r,s,s,4.0,21.0,0.1905,2.0,2.0,0.0,2.0,2.0,0.0,0.0,0.0,1.0,0.0,0,0.0,0,0.0,0.0,0.0,0.0,0.0,0.0,0.0,2.0,0.0,0.0,0,enterobacter_aerogenes
klebsiella_pneumoniae_ssp_pneumoniae,vcpgrwr2c15,region_iii_central_luzon,pampanga,san_gabriel,river_water,2,15,neg,r,s,s,s,s,s,s,s,i,s,s,s,s,s,,s,s,s,i,r,s,s,s,3.0,22.0,0.1364,2.0,0.0,0.0,0.0,0.0,0.0,0.0,0.0,1.0,0.0,0,0.0,0,0.0,0.0,0.0,0.0,0.0,1.0,2.0,0.0,0.0,0.0,0,klebsiella_pneumoniae_ssp_pneumoniae
escherichia_coli,ec_oldwr3c7,region_viii_eastern_visayas,ormoc,larrazabal,drinking_water,3,7,neg,s,s,s,s,s,s,s,s,s,s,s,s,s,s,,s,s,s,s,s,s,s,s,0.0,22.0,0.0,0.0,0.0,0.0,0.0,0.0,0.0,0.0,0.0,0.0,0.0,0,0.0,0,0.0,0.0,0.0,0.0,0.0,0.0,0.0,0.0,0.0,0.0,0,escherichia_coli
escherichia_coli,salpgdwr1c1,region_iii_central_luzon,pampanga,san_gabriel,drinking_water,1,1,neg,r,s,s,r,s,s,s,r,s,s,s,s,s,s,,i,s,s,r,r,s,r,r,7.0,22.0,0.3182,2.0,0.0,0.0,2.0,0.0,0.0,0.0,2.0,0.0,0.0,0,0.0,0,0.0,0.0,1.0,0.0,0.0,2.0,2.0,0.0,2.0,2.0,1,escherichia_coli
escherichia_coli,ec_oafgr3c9,region_viii_eastern_visayas,ormoc,alegria,fish_gusaw,3,9,neg,s,s,s,s,s,s,s,s,s,s,s,s,s,s,,s,s,s,s,s,s,s,s,0.0,22.0,0.0,0.0,0.0,0.0,0.0,0.0,0.0,0.0,0.0,0.0,0.0,0,0.0,0,0.0,0.0,0.0,0.0,0.0,0.0,0.0,0.0,0.0,0.0,0,escherichia_coli
vibrio_cholerae,vc_mrlwr2c8,barmm,marawi_city,gadongan,lake_water,2,8,,r,s,,,,,,s,s,,s,s,s,,,s,s,,s,s,,s,s,1.0,13.0,0.0769,2.0,0.0,0.0,0.0,0.0,0.0,0.0,0.0,0.0,0.0,0,0.0,0,0.0,0.0,0.0,0.0,0.0,0.0,0.0,0.0,0.0,0.0,0,other
enterobacter_cloacae_complex,ec_prdwr1c9,region_iii_central_luzon,pampanga,san_roque,drinking_water,1,9,,,r,,r,r,s,s,s,s,s,s,s,s,s,,s,s,s,s,s,i,s,s,3.0,20.0,0.15,2.0,2.0,0.0,2.0,2.0,0.0,0.0,0.0,0.0,0.0,0,0.0,0,0.0,0.0,0.0,0.0,0.0,0.0,0.0,1.0,0.0,0.0,0,enterobacter_cloacae_complex
escherichia_coli,ec_prftr2c7,region_iii_central_luzon,pampanga,san_roque,fish_tilapia,2,7,neg,r,s,s,r,s,s,s,s,s,s,s,s,s,s,,s,s,s,s,s,s,s,s,2.0,22.0,0.0909,2.0,0.0,0.0,2.0,0.0,0.0,0.0,0.0,0.0,0.0,0,0.0,0,0.0,0.0,0.0,0.0,0.0,0.0,0.0,0.0,0.0,0.0,0,escherichia_coli
escherichia_coli,vc_mdfkr1c1,barmm,marawi_city,dayawan,fish_kaolang,1,1,neg,s,s,s,s,s,s,s,s,s,s,s,s,s,s,,s,s,s,r,i,s,s,s,1.0,22.0,0.0455,0.0,0.0,0.0,0.0,0.0,0.0,0.0,0.0,0.0,0.0,0,0.0,0,0.0,0.0,0.0,0.0,0.0,2.0,1.0,0.0,0.0,0.0,0,escherichia_coli
salmonella_group,salprdwr1c3,region_iii_central_luzon,pampanga,san_roque,drinking_water,1,3,,s,s,s,r,r,s,s,s,s,s,s,r,r,s,,s,s,s,s,s,s,s,s,4.0,22.0,0.1818,0.0,0.0,0.0,2.0,2.0,0.0,0.0,0.0,0.0,0.0,0,2.0,2,0.0,0.0,0.0,0.0,0.0,0.0,0.0,0.0,0.0,0.0,0,salmonella_group
salmonella_group,sgprdwr2c5,region_iii_central_luzon,pampanga,san_roque,drinking_water,2,5,,s,s,s,r,r,s,s,s,s,s,s,r,r,s,,s,s,s,s,s,s,s,s,4.0,22.0,0.1818,0.0,0.0,0.0,2.0,2.0,0.0,0.0,0.0,0.0,0.0,0,2.0,2,0.0,0.0,0.0,0.0,0.0,0.0,0.0,0.0,0.0,0.0,0,salmonella_group
escherichia_coli,ec_mkfkr1c2,barmm,marawi_city,tuca_kialdan,fish_kaolang,1,2,neg,s,s,s,s,s,s,s,s,s,s,s,s,s,s,,s,s,s,r,r,s,s,s,2.0,22.0,0.0909,0.0,0.0,0.0,0.0,0.0,0.0,0.0,0.0,0.0,0.0,0,0.0,0,0.0,0.0,0.0,0.0,0.0,2.0,2.0,0.0,0.0,0.0,0,escherichia_coli
klebsiella_pneumoniae_ssp_pneumoniae,ec_pgftr2c1,region_iii_central_luzon,pampanga,san_gabriel,fish_tilapia,2,1,neg,r,s,s,s,s,s,s,s,s,s,s,s,s,s,,s,s,s,s,s,i,s,s,1.0,22.0,0.0455,2.0,0.0,0.0,0.0,0.0,0.0,0.0,0.0,0.0,0.0,0,0.0,0,0.0,0.0,0.0,0.0,0.0,0.0,0.0,1.0,0.0,0.0,0,klebsiella_pneumoniae_ssp_pneumoniae
escherichia_coli,ec_prftr1c2,region_iii_central_luzon,pampanga,san_roque,fish_tilapia,1,2,neg,s,s,s,s,i,s,s,s,s,s,s,s,s,s,,s,s,s,s,s,s,s,s,0.0,22.0,0.0,0.0,0.0,0.0,0.0,1.0,0.0,0.0,0.0,0.0,0.0,0,0.0,0,0.0,0.0,0.0,0.0,0.0,0.0,0.0,0.0,0.0,0.0,0,escherichia_coli
escherichia_coli,ec_olfbr3c15,region_viii_eastern_visayas,ormoc,larrazabal,fish_banak,3,15,neg,s,s,,,s,s,s,s,,s,s,s,s,s,,,s,s,,s,s,s,s,0.0,17.0,0.0,0.0,0.0,0.0,0.0,0.0,0.0,0.0,0.0,0.0,0.0,0,0.0,0,0.0,0.0,0.0,0.0,0.0,0.0,0.0,0.0,0.0,0.0,0,escherichia_coli
klebsiella_pneumoniae_ssp_pneumoniae,vc_mkdwr1c6,barmm,marawi_city,tuca_kialdan,drinking_water,1,6,neg,r,s,s,s,s,s,s,s,s,s,s,s,s,s,,s,s,s,s,s,i,s,s,1.0,22.0,0.0455,2.0,0.0,0.0,0.0,0.0,0.0,0.0,0.0,0.0,0.0,0,0.0,0,0.0,0.0,0.0,0.0,0.0,0.0,0.0,1.0,0.0,0.0,0,klebsiella_pneumoniae_ssp_pneumoniae
klebsiella_pneumoniae_ssp_pneumoniae,ec_mkfkr2c13,barmm,marawi_city,tuca_kialdan,fish_kaolang,2,13,neg,r,s,s,r,r,s,s,s,s,s,s,s,s,s,,s,s,s,r,r,i,s,s,5.0,22.0,0.2273,2.0,0.0,0.0,2.0,2.0,0.0,0.0,0.0,0.0,0.0,0,0.0,0,0.0,0.0,0.0,0.0,0.0,2.0,2.0,1.0,0.0,0.0,0,klebsiella_pneumoniae_ssp_pneumoniae
klebsiella_pneumoniae_ssp_pneumoniae,ec_mkfkr3c13,barmm,marawi_city,tuca_kialdan,fish_kaolang,3,13,neg,r,s,s,r,s,s,s,s,s,s,s,s,s,s,,s,s,s,s,s,s,s,s,2.0,22.0,0.0909,2.0,0.0,0.0,2.0,0.0,0.0,0.0,0.0,0.0,0.0,0,0.0,0,0.0,0.0,0.0,0.0,0.0,0.0,0.0,0.0,0.0,0.0,0,klebsiella_pneumoniae_ssp_pneumoniae
escherichia_coli,ec_mkdwr2c10,barmm,marawi_city,tuca_kialdan,drinking_water,2,10,neg,r,s,s,s,s,s,s,s,s,s,s,s,s,s,,s,s,s,r,r,s,s,r,4.0,22.0,0.1818,2.0,0.0,0.0,0.0,0.0,0.0,0.0,0.0,0.0,0.0,0,0.0,0,0.0,0.0,0.0,0.0,0.0,2.0,2.0,0.0,0.0,2.0,0,escherichia_coli
escherichia_coli,ec_olfbr3c14,region_viii_eastern_visayas,ormoc,larrazabal,fish_banak,3,14,neg,s,s,,,s,s,,,,s,s,s,s,s,,,s,s,,s,s,s,s,0.0,15.0,0.0,0.0,0.0,0.0,0.0,0.0,0.0,0.0,0.0,0.0,0.0,0,0.0,0,0.0,0.0,0.0,0.0,0.0,0.0,0.0,0.0,0.0,0.0,0,escherichia_coli
klebsiella_pneumoniae_ssp_pneumoniae,ec_mkftr3c4,barmm,marawi_city,tuca_kialdan,fish_tilapia,3,4,neg,r,s,s,s,s,s,,s,s,s,s,s,s,s,,s,s,s,s,s,i,s,s,1.0,21.0,0.0476,2.0,0.0,0.0,0.0,0.0,0.0,0.0,0.0,0.0,0.0,0,0.0,0,0.0,0.0,0.0,0.0,0.0,0.0,0.0,1.0,0.0,0.0,0,klebsiella_pneumoniae_ssp_pneumoniae
salmonella_group,sgpgrwr3c1,region_iii_central_luzon,pampanga,san_gabriel,river_water,3,1,,s,s,s,r,r,s,s,s,s,s,s,r,r,s,,s,s,s,s,s,s,s,s,4.0,22.0,0.1818,0.0,0.0,0.0,2.0,2.0,0.0,0.0,0.0,0.0,0.0,0,2.0,2,0.0,0.0,0.0,0.0,0.0,0.0,0.0,0.0,0.0,0.0,0,salmonella_group
escherichia_coli,ec_oafgr1c1,region_viii_eastern_visayas,ormoc,alegria,fish_gusaw,1,1,neg,s,s,s,s,s,s,s,s,s,s,s,s,s,s,,s,s,s,s,s,s,s,s,0.0,22.0,0.0,0.0,0.0,0.0,0.0,0.0,0.0,0.0,0.0,0.0,0.0,0,0.0,0,0.0,0.0,0.0,0.0,0.0,0.0,0.0,0.0,0.0,0.0,0,escherichia_coli
enterobacter_aerogenes,ec_prftr2c18,region_iii_central_luzon,pampanga,san_roque,fish_tilapia,2,18,,,r,s,r,r,s,s,s,s,s,s,s,s,s,,s,s,s,s,s,i,s,s,3.0,21.0,0.1429,2.0,2.0,0.0,2.0,2.0,0.0,0.0,0.0,0.0,0.0,0,0.0,0,0.0,0.0,0.0,0.0,0.0,0.0,0.0,1.0,0.0,0.0,0,enterobacter_aerogenes
escherichia_coli,salpgrwr1c1,region_iii_central_luzon,pampanga,san_gabriel,river_water,1,1,neg,s,s,s,s,s,s,s,s,s,s,s,s,s,s,,i,s,s,r,r,s,r,r,4.0,22.0,0.1818,0.0,0.0,0.0,0.0,0.0,0.0,0.0,0.0,0.0,0.0,0,0.0,0,0.0,0.0,1.0,0.0,0.0,2.0,2.0,0.0,2.0,2.0,0,escherichia_coli
escherichia_coli,salprdwr2c5,region_iii_central_luzon,pampanga,san_roque,drinking_water,2,5,neg,r,s,s,r,s,s,s,s,r,s,s,s,s,s,,i,s,s,r,r,s,r,r,7.0,22.0,0.3182,2.0,0.0,0.0,2.0,0.0,0.0,0.0,0.0,2.0,0.0,0,0.0,0,0.0,0.0,1.0,0.0,0.0,2.0,2.0,0.0,2.0,2.0,1,escherichia_coli
pseudomonas_aeruginosa,sal_mrdwr2c3,barmm,marawi_city,gadongan,drinking_water,2,3,,,,,,,,r,r,r,,s,s,s,,,s,s,,,,,,,3.0,8.0,0.375,2.0,0.0,0.0,0.0,0.0,0.0,2.0,2.0,2.0,0.0,0,0.0,0,0.0,0.0,0.0,0.0,0.0,0.0,0.0,0.0,0.0,0.0,1,pseudomonas_aeruginosa
escherichia_coli,ec_oafgr2c2,region_viii_eastern_visayas,ormoc,alegria,fish_gusaw,2,2,neg,s,s,s,s,s,s,s,s,s,s,s,s,s,s,,s,s,s,s,s,s,s,s,0.0,22.0,0.0,0.0,0.0,0.0,0.0,0.0,0.0,0.0,0.0,0.0,0.0,0,0.0,0,0.0,0.0,0.0,0.0,0.0,0.0,0.0,0.0,0.0,0.0,0,escherichia_coli
salmonella_group,salpgftr3c2,region_iii_central_luzon,pampanga,san_gabriel,fish_tilapia,3,2,,s,s,s,r,r,s,s,s,s,s,s,r,r,s,,s,s,s,s,s,s,s,s,4.0,22.0,0.1818,0.0,0.0,0.0,2.0,2.0,0.0,0.0,0.0,0.0,0.0,0,2.0,2,0.0,0.0,0.0,0.0,0.0,0.0,0.0,0.0,0.0,0.0,0,salmonella_group
escherichia_coli,ec_maewur3c6,barmm,marawi_city,apmc,effluent_water_untreated,3,6,neg,s,s,s,s,s,s,s,s,s,s,s,s,s,s,,s,s,s,s,s,s,s,s,0.0,22.0,0.0,0.0,0.0,0.0,0.0,0.0,0.0,0.0,0.0,0.0,0.0,0,0.0,0,0.0,0.0,0.0,0.0,0.0,0.0,0.0,0.0,0.0,0.0,0,escherichia_coli
escherichia_coli,ec_mkftr2c2,barmm,marawi_city,tuca_kialdan,fish_tilapia,2,2,neg,s,s,s,s,i,s,s,s,s,s,s,s,s,s,,s,s,s,r,r,s,s,s,2.0,22.0,0.0909,0.0,0.0,0.0,0.0,1.0,0.0,0.0,0.0,0.0,0.0,0,0.0,0,0.0,0.0,0.0,0.0,0.0,2.0,2.0,0.0,0.0,0.0,0,escherichia_coli
klebsiella_pneumoniae_ssp_pneumoniae,ec_mdlwr2c9,barmm,marawi_city,dayawan,lake_water,2,9,neg,r,s,s,s,s,s,s,s,s,s,s,s,s,s,,s,s,s,s,s,s,s,s,1.0,22.0,0.0455,2.0,0.0,0.0,0.0,0.0,0.0,0.0,0.0,0.0,0.0,0,0.0,0,0.0,0.0,0.0,0.0,0.0,0.0,0.0,0.0,0.0,0.0,0,klebsiella_pneumoniae_ssp_pneumoniae
escherichia_coli,ec_mklwr2c3,barmm,marawi_city,tuca_kialdan,lake_water,2,3,neg,s,s,s,s,s,s,s,s,s,s,s,s,s,s,,s,s,s,s,s,s,s,s,0.0,22.0,0.0,0.0,0.0,0.0,0.0,0.0,0.0,0.0,0.0,0.0,0.0,0,0.0,0,0.0,0.0,0.0,0.0,0.0,0.0,0.0,0.0,0.0,0.0,0,escherichia_coli
klebsiella_pneumoniae_spp_ozaenae,ec_mrftr3c4,barmm,marawi_city,gadongan,fish_tilapia,3,4,neg,r,s,s,s,s,s,s,s,s,s,s,s,s,s,,s,s,s,s,s,s,s,s,1.0,22.0,0.0455,2.0,0.0,0.0,0.0,0.0,0.0,0.0,0.0,0.0,0.0,0,0.0,0,0.0,0.0,0.0,0.0,0.0,0.0,0.0,0.0,0.0,0.0,0,other
escherichia_coli,ec_olfbr1c12,region_viii_eastern_visayas,ormoc,larrazabal,fish_banak,1,12,neg,r,s,s,s,i,s,s,s,s,s,s,s,s,s,,i,s,s,r,r,s,r,s,4.0,22.0,0.1818,2.0,0.0,0.0,0.0,1.0,0.0,0.0,0.0,0.0,0.0,0,0.0,0,0.0,0.0,1.0,0.0,0.0,2.0,2.0,0.0,2.0,0.0,0,escherichia_coli
enterobacter_cloacae_complex,vc_mkdwr3c3,barmm,marawi_city,tuca_kialdan,drinking_water,3,3,,,r,,r,r,s,,s,s,s,s,s,s,s,,s,s,s,r,r,r,i,s,6.0,19.0,0.3158,2.0,2.0,0.0,2.0,2.0,0.0,0.0,0.0,0.0,0.0,0,0.0,0,0.0,0.0,0.0,0.0,0.0,2.0,2.0,2.0,1.0,0.0,1,enterobacter_cloacae_complex
escherichia_coli,sg_mkdwr1c1,barmm,marawi_city,tuca_kialdan,drinking_water,1,1,neg,s,s,s,s,s,s,s,s,s,s,s,s,s,s,,s,s,s,s,s,s,s,s,0.0,22.0,0.0,0.0,0.0,0.0,0.0,0.0,0.0,0.0,0.0,0.0,0.0,0,0.0,0,0.0,0.0,0.0,0.0,0.0,0.0,0.0,0.0,0.0,0.0,0,escherichia_coli
escherichia_coli,ec_mkfkr3c2,barmm,marawi_city,tuca_kialdan,fish_kaolang,3,2,neg,s,s,s,s,s,s,s,s,s,s,s,s,s,s,,s,s,s,r,r,s,s,s,2.0,22.0,0.0909,0.0,0.0,0.0,0.0,0.0,0.0,0.0,0.0,0.0,0.0,0,0.0,0,0.0,0.0,0.0,0.0,0.0,2.0,2.0,0.0,0.0,0.0,0,escherichia_coli
salmonella_group,salolrwr1c2,region_viii_eastern_visayas,ormoc,larrazabal,river_water,1,2,,s,s,s,r,r,s,s,s,s,s,s,r,r,s,,s,s,s,s,s,s,s,s,4.0,22.0,0.1818,0.0,0.0,0.0,2.0,2.0,0.0,0.0,0.0,0.0,0.0,0,2.0,2,0.0,0.0,0.0,0.0,0.0,0.0,0.0,0.0,0.0,0.0,0,salmonella_group
klebsiella_pneumoniae_ssp_pneumoniae,ec_mrdwr3c14,barmm,marawi_city,gadongan,drinking_water,3,14,neg,r,s,s,s,s,s,s,s,s,s,s,s,s,s,,s,s,s,s,s,i,s,s,1.0,22.0,0.0455,2.0,0.0,0.0,0.0,0.0,0.0,0.0,0.0,0.0,0.0,0,0.0,0,0.0,0.0,0.0,0.0,0.0,0.0,0.0,1.0,0.0,0.0,0,klebsiella_pneumoniae_ssp_pneumoniae
enterobacter_cloacae_complex,ec_pgfgr1c20,region_iii_central_luzon,pampanga,san_gabriel,fish_gusaw,1,20,,,r,,r,r,s,s,s,s,s,s,s,s,s,,s,s,s,s,s,i,s,s,3.0,20.0,0.15,2.0,2.0,0.0,2.0,2.0,0.0,0.0,0.0,0.0,0.0,0,0.0,0,0.0,0.0,0.0,0.0,0.0,0.0,0.0,1.0,0.0,0.0,0,enterobacter_cloacae_complex
enterobacter_cloacae_complex,ec_pgfgr1c16,region_iii_central_luzon,pampanga,san_gabriel,fish_gusaw,1,16,,,r,,r,r,s,s,s,s,s,s,s,s,s,,s,s,s,s,s,s,s,s,3.0,20.0,0.15,2.0,2.0,0.0,2.0,2.0,0.0,0.0,0.0,0.0,0.0,0,0.0,0,0.0,0.0,0.0,0.0,0.0,0.0,0.0,0.0,0.0,0.0,0,enterobacter_cloacae_complex
escherichia_coli,salpgfgr3c8,region_iii_central_luzon,pampanga,san_gabriel,fish_gusaw,3,8,neg,s,s,s,s,s,s,s,s,s,s,s,s,s,s,,i,s,s,r,r,s,r,r,4.0,22.0,0.1818,0.0,0.0,0.0,0.0,0.0,0.0,0.0,0.0,0.0,0.0,0,0.0,0,0.0,0.0,1.0,0.0,0.0,2.0,2.0,0.0,2.0,2.0,0,escherichia_coli
escherichia_coli,ec_mkftr1c12,barmm,marawi_city,tuca_kialdan,fish_tilapia,1,12,neg,s,s,s,s,s,s,s,s,s,s,s,s,s,s,,s,s,s,s,s,s,s,s,0.0,22.0,0.0,0.0,0.0,0.0,0.0,0.0,0.0,0.0,0.0,0.0,0.0,0,0.0,0,0.0,0.0,0.0,0.0,0.0,0.0,0.0,0.0,0.0,0.0,0,escherichia_coli
escherichia_coli,ec_maewur3c32,barmm,marawi_city,apmc,effluent_water_untreated,3,32,neg,s,s,s,s,s,s,s,s,s,s,s,s,s,s,,s,s,s,s,s,s,s,s,0.0,22.0,0.0,0.0,0.0,0.0,0.0,0.0,0.0,0.0,0.0,0.0,0.0,0,0.0,0,0.0,0.0,0.0,0.0,0.0,0.0,0.0,0.0,0.0,0.0,0,escherichia_coli
escherichia_coli,ec_mrfkr2c7,barmm,marawi_city,gadongan,fish_kaolang,2,7,neg,r,s,s,s,i,s,s,s,s,s,s,s,s,s,,s,s,s,s,s,s,s,r,2.0,22.0,0.0909,2.0,0.0,0.0,0.0,1.0,0.0,0.0,0.0,0.0,0.0,0,0.0,0,0.0,0.0,0.0,0.0,0.0,0.0,0.0,0.0,0.0,2.0,0,escherichia_coli
pseudomonas_aeruginosa,sal_mklwr1c4,barmm,marawi_city,tuca_kialdan,lake_water,1,4,,,,,,,,r,r,r,,s,s,s,,,s,s,,,,,,,3.0,9.0,0.3333,2.0,0.0,0.0,0.0,0.0,0.0,2.0,2.0,2.0,0.0,0,0.0,0,0.0,0.0,0.0,0.0,0.0,0.0,0.0,0.0,0.0,0.0,1,pseudomonas_aeruginosa
klebsiella_pneumoniae_ssp_pneumoniae,ec_pgrwr2c6,region_iii_central_luzon,pampanga,san_gabriel,river_water,2,6,neg,r,s,s,s,s,s,s,s,s,s,s,s,s,s,,s,s,s,s,s,i,s,s,1.0,22.0,0.0455,2.0,0.0,0.0,0.0,0.0,0.0,0.0,0.0,0.0,0.0,0,0.0,0,0.0,0.0,0.0,0.0,0.0,0.0,0.0,1.0,0.0,0.0,0,klebsiella_pneumoniae_ssp_pneumoniae
enterobacter_cloacae_complex,ec_mkfkr1c4,barmm,marawi_city,tuca_kialdan,fish_kaolang,1,4,,,r,,r,r,s,s,s,s,s,s,s,s,s,,s,s,s,r,r,i,s,s,5.0,20.0,0.25,2.0,2.0,0.0,2.0,2.0,0.0,0.0,0.0,0.0,0.0,0,0.0,0,0.0,0.0,0.0,0.0,0.0,2.0,2.0,1.0,0.0,0.0,0,enterobacter_cloacae_complex
escherichia_coli,ec_maewtr3c9,barmm,marawi_city,apmc,effluent_water_treated,3,9,neg,s,s,s,s,s,s,s,s,s,s,s,s,s,s,,s,s,s,i,r,s,s,s,3.0,22.0,0.1364,0.0,0.0,0.0,0.0,0.0,0.0,0.0,0.0,0.0,0.0,0,0.0,0,0.0,0.0,0.0,0.0,0.0,1.0,2.0,0.0,0.0,0.0,0,escherichia_coli
enterobacter_aerogenes,ec_prftr1c16,region_iii_central_luzon,pampanga,san_roque,fish_tilapia,1,16,,,r,s,r,r,s,s,i,s,s,s,s,s,s,,s,s,s,s,s,i,s,s,3.0,21.0,0.1429,2.0,2.0,0.0,2.0,2.0,0.0,0.0,1.0,0.0,0.0,0,0.0,0,0.0,0.0,0.0,0.0,0.0,0.0,0.0,1.0,0.0,0.0,0,enterobacter_aerogenes
escherichia_coli,ec_mrftr2c6,barmm,marawi_city,gadongan,fish_tilapia,2,6,neg,s,s,s,s,i,s,s,s,s,s,s,s,s,s,,s,s,s,s,s,s,s,s,0.0,22.0,0.0,0.0,0.0,0.0,0.0,1.0,0.0,0.0,0.0,0.0,0.0,0,0.0,0,0.0,0.0,0.0,0.0,0.0,0.0,0.0,0.0,0.0,0.0,0,escherichia_coli
klebsiella_pneumoniae_ssp_pneumoniae,ec_mrftr3c11,barmm,marawi_city,gadongan,fish_tilapia,3,11,neg,r,s,s,s,s,s,s,s,s,s,s,s,s,s,,s,s,s,s,s,s,s,s,1.0,22.0,0.0455,2.0,0.0,0.0,0.0,0.0,0.0,0.0,0.0,0.0,0.0,0,0.0,0,0.0,0.0,0.0,0.0,0.0,0.0,0.0,0.0,0.0,0.0,0,klebsiella_pneumoniae_ssp_pneumoniae
enterobacter_cloacae_complex,ec_mkdwr1c1,barmm,marawi_city,tuca_kialdan,drinking_water,1,1,,,r,,r,r,s,s,s,s,s,s,s,s,s,,s,s,s,s,s,s,s,s,3.0,20.0,0.15,2.0,2.0,0.0,2.0,2.0,0.0,0.0,0.0,0.0,0.0,0,0.0,0,0.0,0.0,0.0,0.0,0.0,0.0,0.0,0.0,0.0,0.0,0,enterobacter_cloacae_complex
escherichia_coli,ec_mrlwr3c16,barmm,marawi_city,gadongan,lake_water,3,16,neg,s,s,s,s,s,s,s,s,s,s,s,s,s,s,,s,s,s,s,s,s,s,s,0.0,22.0,0.0,0.0,0.0,0.0,0.0,0.0,0.0,0.0,0.0,0.0,0.0,0,0.0,0,0.0,0.0,0.0,0.0,0.0,0.0,0.0,0.0,0.0,0.0,0,escherichia_coli
escherichia_coli,ec_mkdwr2c3,barmm,marawi_city,tuca_kialdan,drinking_water,2,3,neg,r,s,,s,s,s,s,s,s,s,s,s,s,s,,s,s,s,r,r,s,s,r,4.0,21.0,0.1905,2.0,0.0,0.0,0.0,0.0,0.0,0.0,0.0,0.0,0.0,0,0.0,0,0.0,0.0,0.0,0.0,0.0,2.0,2.0,0.0,0.0,2.0,0,escherichia_coli
klebsiella_pneumoniae_ssp_pneumoniae,ec_mkdwr1c3,barmm,marawi_city,tuca_kialdan,drinking_water,1,3,neg,r,s,s,s,s,s,s,s,s,s,s,s,s,s,,s,s,s,s,s,s,s,s,1.0,22.0,0.0455,2.0,0.0,0.0,0.0,0.0,0.0,0.0,0.0,0.0,0.0,0,0.0,0,0.0,0.0,0.0,0.0,0.0,0.0,0.0,0.0,0.0,0.0,0,klebsiella_pneumoniae_ssp_pneumoniae
escherichia_coli,sgpgfgr3c5,region_iii_central_luzon,pampanga,san_gabriel,fish_gusaw,3,5,neg,r,s,s,r,s,s,s,s,s,s,s,s,s,s,,s,s,s,r,r,s,s,s,4.0,22.0,0.1818,2.0,0.0,0.0,2.0,0.0,0.0,0.0,0.0,0.0,0.0,0,0.0,0,0.0,0.0,0.0,0.0,0.0,2.0,2.0,0.0,0.0,0.0,0,escherichia_coli
escherichia_coli,ec_maewur1c16,barmm,marawi_city,apmc,effluent_water_untreated,1,16,neg,s,s,s,s,s,s,s,s,s,s,s,s,s,s,,s,s,s,s,s,s,s,s,0.0,22.0,0.0,0.0,0.0,0.0,0.0,0.0,0.0,0.0,0.0,0.0,0.0,0,0.0,0,0.0,0.0,0.0,0.0,0.0,0.0,0.0,0.0,0.0,0.0,0,escherichia_coli
escherichia_coli,ec_mrftr2c10,barmm,marawi_city,gadongan,fish_tilapia,2,10,neg,s,s,s,s,s,s,s,s,s,s,s,s,s,s,,s,s,s,s,s,s,s,s,0.0,22.0,0.0,0.0,0.0,0.0,0.0,0.0,0.0,0.0,0.0,0.0,0.0,0,0.0,0,0.0,0.0,0.0,0.0,0.0,0.0,0.0,0.0,0.0,0.0,0,escherichia_coli
klebsiella_pneumoniae_ssp_pneumoniae,ec_mdfkr1c3,barmm,marawi_city,dayawan,fish_kaolang,1,3,neg,r,s,s,s,s,s,s,s,s,s,s,s,s,s,,s,s,s,s,s,i,s,s,1.0,22.0,0.0455,2.0,0.0,0.0,0.0,0.0,0.0,0.0,0.0,0.0,0.0,0,0.0,0,0.0,0.0,0.0,0.0,0.0,0.0,0.0,1.0,0.0,0.0,0,klebsiella_pneumoniae_ssp_pneumoniae
klebsiella_pneumoniae_ssp_pneumoniae,ec_mddwr1c1,barmm,marawi_city,dayawan,drinking_water,1,1,neg,r,s,s,s,s,s,s,s,s,s,s,s,s,s,,s,s,s,s,s,i,s,s,1.0,22.0,0.05,2.0,0.0,0.0,0.0,0.0,0.0,0.0,0.0,0.0,0.0,0,0.0,0,0.0,0.0,0.0,0.0,0.0,0.0,0.0,1.0,0.0,0.0,0,klebsiella_pneumoniae_ssp_pneumoniae
escherichia_coli,ec_mrlwr2c1,barmm,marawi_city,gadongan,lake_water,2,1,neg,s,s,s,s,s,s,s,s,s,s,s,s,s,s,,s,s,s,s,s,s,s,s,0.0,22.0,0.0,0.0,0.0,0.0,0.0,0.0,0.0,0.0,0.0,0.0,0.0,0,0.0,0,0.0,0.0,0.0,0.0,0.0,0.0,0.0,0.0,0.0,0.0,0,escherichia_coli
escherichia_coli,salolrwr2c1,region_viii_eastern_visayas,ormoc,larrazabal,river_water,2,1,neg,s,s,s,s,s,s,s,s,s,s,s,s,s,s,,s,s,s,s,r,s,s,s,1.0,22.0,0.0455,0.0,0.0,0.0,0.0,0.0,0.0,0.0,0.0,0.0,0.0,0,0.0,0,0.0,0.0,0.0,0.0,0.0,0.0,2.0,0.0,0.0,0.0,0,escherichia_coli
klebsiella_pneumoniae_ssp_pneumoniae,ec_pgfgr1c10,region_iii_central_luzon,pampanga,san_gabriel,fish_gusaw,1,10,neg,r,s,s,s,s,s,s,s,s,s,s,s,s,s,,s,s,s,s,s,s,s,s,1.0,22.0,0.0455,2.0,0.0,0.0,0.0,0.0,0.0,0.0,0.0,0.0,0.0,0,0.0,0,0.0,0.0,0.0,0.0,0.0,0.0,0.0,0.0,0.0,0.0,0,klebsiella_pneumoniae_ssp_pneumoniae
escherichia_coli,ec_olrwr3c3,region_viii_eastern_visayas,ormoc,larrazabal,river_water,3,3,neg,s,s,s,s,s,s,s,s,s,s,s,s,s,s,,s,s,s,s,s,s,s,s,,22.0,0.0,0.0,0.0,0.0,0.0,0.0,0.0,0.0,0.0,0.0,0.0,0,0.0,0,0.0,0.0,0.0,0.0,0.0,0.0,0.0,0.0,0.0,0.0,0,escherichia_coli
escherichia_coli,vcpgrwr1c13,region_iii_central_luzon,pampanga,san_gabriel,river_water,1,13,neg,r,s,s,r,s,s,s,s,i,s,s,s,s,s,,s,s,s,s,s,s,s,s,2.0,22.0,0.0909,2.0,0.0,0.0,2.0,0.0,0.0,0.0,0.0,1.0,0.0,0,0.0,0,0.0,0.0,0.0,0.0,0.0,0.0,0.0,0.0,0.0,0.0,0,escherichia_coli
escherichia_coli,ec_mdftr1c7,barmm,marawi_city,dayawan,fish_tilapia,1,7,neg,s,s,s,s,s,s,s,s,s,s,s,s,s,s,,s,s,s,s,s,s,s,s,0.0,22.0,0.0,0.0,0.0,0.0,0.0,0.0,0.0,0.0,0.0,0.0,0.0,0,0.0,0,0.0,0.0,0.0,0.0,0.0,0.0,0.0,0.0,0.0,0.0,0,escherichia_coli
klebsiella_pneumoniae_ssp_pneumoniae,ec_mklwr2c5,barmm,marawi_city,tuca_kialdan,lake_water,2,5,neg,r,r,,r,r,r,,r,r,s,s,s,s,s,,i,s,i,r,r,i,s,r,10.0,20.0,0.5,2.0,2.0,0.0,2.0,2.0,2.0,0.0,2.0,2.0,0.0,0,0.0,0,0.0,0.0,1.0,0.0,1.0,2.0,2.0,1.0,0.0,2.0,1,klebsiella_pneumoniae_ssp_pneumoniae
enterobacter_aerogenes,ec_pgftr1c2,region_iii_central_luzon,pampanga,san_gabriel,fish_tilapia,1,2,,,r,s,r,r,s,s,i,s,s,s,s,s,s,,s,s,s,s,s,i,s,s,3.0,21.0,0.1429,2.0,2.0,0.0,2.0,2.0,0.0,0.0,1.0,0.0,0.0,0,0.0,0,0.0,0.0,0.0,0.0,0.0,0.0,0.0,1.0,0.0,0.0,0,enterobacter_aerogenes
klebsiella_pneumoniae_ssp_pneumoniae,ec_oarwr3c1,region_viii_eastern_visayas,ormoc,alegria,river_water,3,1,neg,r,s,s,s,s,s,s,s,s,s,s,s,s,s,,s,s,s,s,s,i,s,s,1.0,22.0,0.0455,2.0,0.0,0.0,0.0,0.0,0.0,0.0,0.0,0.0,0.0,0,0.0,0,0.0,0.0,0.0,0.0,0.0,0.0,0.0,1.0,0.0,0.0,0,klebsiella_pneumoniae_ssp_pneumoniae
enterobacter_aerogenes,sg_mrftr1c2,barmm,marawi_city,gadongan,fish_tilapia,1,2,,,r,s,r,r,s,s,s,s,s,i,s,s,s,,s,s,s,r,r,i,s,s,5.0,21.0,0.2381,2.0,2.0,0.0,2.0,2.0,0.0,0.0,0.0,0.0,0.0,1,0.0,0,0.0,0.0,0.0,0.0,0.0,2.0,2.0,1.0,0.0,0.0,0,enterobacter_aerogenes
escherichia_coli,ec_mdftr1c16,barmm,marawi_city,dayawan,fish_tilapia,1,16,neg,r,s,,r,r,s,,i,i,s,s,s,s,s,,s,s,i,r,i,s,s,r,5.0,20.0,0.25,2.0,0.0,0.0,2.0,2.0,0.0,0.0,1.0,1.0,0.0,0,0.0,0,0.0,0.0,0.0,0.0,1.0,2.0,1.0,0.0,0.0,2.0,0,escherichia_coli
escherichia_coli,vcprftr1c10,region_iii_central_luzon,pampanga,san_roque,fish_tilapia,1,10,neg,r,s,s,r,s,s,s,s,i,s,s,s,s,s,,s,s,s,s,s,s,s,s,2.0,22.0,0.0909,2.0,0.0,0.0,2.0,0.0,0.0,0.0,0.0,1.0,0.0,0,0.0,0,0.0,0.0,0.0,0.0,0.0,0.0,0.0,0.0,0.0,0.0,0,escherichia_coli
escherichia_coli,ec_maewur3c33,barmm,marawi_city,apmc,effluent_water_untreated,3,33,neg,s,s,s,s,s,s,s,s,s,s,s,s,s,s,,s,s,s,i,r,s,s,s,1.0,22.0,0.0455,0.0,0.0,0.0,0.0,0.0,0.0,0.0,0.0,0.0,0.0,0,0.0,0,0.0,0.0,0.0,0.0,0.0,1.0,2.0,0.0,0.0,0.0,0,escherichia_coli
klebsiella_pneumoniae_ssp_pneumoniae,ec_mrlwr1c13,barmm,marawi_city,gadongan,lake_water,1,13,neg,r,s,s,s,s,s,s,s,s,s,s,s,s,s,,s,s,s,s,s,s,s,s,1.0,22.0,0.0455,2.0,0.0,0.0,0.0,0.0,0.0,0.0,0.0,0.0,0.0,0,0.0,0,0.0,0.0,0.0,0.0,0.0,0.0,0.0,0.0,0.0,0.0,0,klebsiella_pneumoniae_ssp_pneumoniae
klebsiella_pneumoniae_ssp_pneumoniae,sal_mddwr2c1,barmm,marawi_city,dayawan,drinking_water,2,1,neg,r,s,,r,r,r,,r,r,,s,s,s,s,,i,s,s,r,r,r,s,s,9.0,19.0,0.4737,2.0,0.0,0.0,2.0,2.0,2.0,0.0,2.0,2.0,0.0,0,0.0,0,0.0,0.0,1.0,0.0,0.0,2.0,2.0,2.0,0.0,0.0,1,klebsiella_pneumoniae_ssp_pneumoniae
enterobacter_cloacae_complex,ec_mkfkr3c3,barmm,marawi_city,tuca_kialdan,fish_kaolang,3,3,,,r,,r,r,s,s,s,s,s,s,s,s,s,,s,s,s,r,r,s,s,s,5.0,20.0,0.25,2.0,2.0,0.0,2.0,2.0,0.0,0.0,0.0,0.0,0.0,0,0.0,0,0.0,0.0,0.0,0.0,0.0,2.0,2.0,0.0,0.0,0.0,0,enterobacter_cloacae_complex
enterobacter_cloacae_complex,ec_mdftr1c13,barmm,marawi_city,dayawan,fish_tilapia,1,13,,,r,,r,r,s,s,s,i,s,s,s,s,s,,s,s,s,r,s,s,s,s,4.0,20.0,0.2,2.0,2.0,0.0,2.0,2.0,0.0,0.0,0.0,1.0,0.0,0,0.0,0,0.0,0.0,0.0,0.0,0.0,2.0,0.0,0.0,0.0,0.0,0,enterobacter_cloacae_complex
pseudomonas_aeruginosa,sg_maewtr2c1,barmm,marawi_city,apmc,effluent_water_treated,2,1,,,,,,,,r,r,r,,s,s,s,,,i,s,,,,,,,3.0,8.0,0.375,2.0,0.0,0.0,0.0,0.0,0.0,2.0,2.0,2.0,0.0,0,0.0,0,0.0,0.0,1.0,0.0,0.0,0.0,0.0,0.0,0.0,0.0,1,pseudomonas_aeruginosa
vibrio_fluvialis,vcoadwr3c31,region_viii_eastern_visayas,ormoc,alegria,drinking_water,3,31,neg,i,s,,,,,,s,s,,s,s,s,,,s,s,,s,s,,s,s,0.0,13.0,0.0,1.0,0.0,0.0,0.0,0.0,0.0,0.0,0.0,0.0,0.0,0,0.0,0,0.0,0.0,0.0,0.0,0.0,0.0,0.0,0.0,0.0,0.0,0,other
klebsiella_pneumoniae_ssp_pneumoniae,ec_oafbr2c8,region_viii_eastern_visayas,ormoc,alegria,fish_banak,2,8,neg,r,s,s,s,s,s,s,s,s,s,s,s,s,s,,s,s,s,s,s,s,s,s,1.0,22.0,0.0455,2.0,0.0,0.0,0.0,0.0,0.0,0.0,0.0,0.0,0.0,0,0.0,0,0.0,0.0,0.0,0.0,0.0,0.0,0.0,0.0,0.0,0.0,0,klebsiella_pneumoniae_ssp_pneumoniae
klebsiella_pneumoniae_ssp_pneumoniae,ec_maewur2c18,barmm,marawi_city,apmc,effluent_water_untreated,2,18,neg,r,s,s,s,s,s,s,s,s,s,s,s,s,s,,s,s,s,s,s,s,s,s,1.0,22.0,0.0455,2.0,0.0,0.0,0.0,0.0,0.0,0.0,0.0,0.0,0.0,0,0.0,0,0.0,0.0,0.0,0.0,0.0,0.0,0.0,0.0,0.0,0.0,0,klebsiella_pneumoniae_ssp_pneumoniae
escherichia_coli,ec_mkdwr3c2,barmm,marawi_city,tuca_kialdan,drinking_water,3,2,neg,s,s,s,s,i,s,s,s,s,s,s,s,s,s,,s,s,s,s,s,s,s,s,0.0,22.0,0.0,0.0,0.0,0.0,0.0,1.0,0.0,0.0,0.0,0.0,0.0,0,0.0,0,0.0,0.0,0.0,0.0,0.0,0.0,0.0,0.0,0.0,0.0,0,escherichia_coli
klebsiella_pneumoniae_ssp_pneumoniae,ec_oarwr1c7,region_viii_eastern_visayas,ormoc,alegria,river_water,1,7,neg,r,s,s,s,s,s,s,s,s,s,s,s,s,s,,s,s,s,s,s,s,s,s,1.0,22.0,0.0455,2.0,0.0,0.0,0.0,0.0,0.0,0.0,0.0,0.0,0.0,0,0.0,0,0.0,0.0,0.0,0.0,0.0,0.0,0.0,0.0,0.0,0.0,0,klebsiella_pneumoniae_ssp_pneumoniae
escherichia_coli,ec_mdftr3c17,barmm,marawi_city,dayawan,fish_tilapia,3,17,neg,r,s,,r,r,s,,i,i,,s,s,s,s,,s,s,s,r,r,s,r,r,7.0,19.0,0.3684,2.0,0.0,0.0,2.0,2.0,0.0,0.0,1.0,1.0,0.0,0,0.0,0,0.0,0.0,0.0,0.0,0.0,2.0,2.0,0.0,2.0,2.0,1,escherichia_coli
escherichia_coli,sgpgrwr3c2,region_iii_central_luzon,pampanga,san_gabriel,river_water,3,2,neg,s,s,s,r,s,s,s,s,r,s,s,s,s,s,,i,s,s,r,r,s,r,r,6.0,22.0,0.2727,0.0,0.0,0.0,2.0,0.0,0.0,0.0,0.0,2.0,0.0,0,0.0,0,0.0,0.0,1.0,0.0,0.0,2.0,2.0,0.0,2.0,2.0,0,escherichia_coli
enterobacter_cloacae_complex,ec_prdwr3c9,region_iii_central_luzon,pampanga,san_roque,drinking_water,3,9,,,r,,r,r,s,s,s,s,s,s,s,s,s,,s,s,s,s,s,s,s,s,3.0,20.0,0.15,2.0,2.0,0.0,2.0,2.0,0.0,0.0,0.0,0.0,0.0,0,0.0,0,0.0,0.0,0.0,0.0,0.0,0.0,0.0,0.0,0.0,0.0,0,enterobacter_cloacae_complex
escherichia_coli,ec_mdftr3c18,barmm,marawi_city,dayawan,fish_tilapia,3,18,neg,r,s,s,r,s,s,s,s,s,s,s,s,s,s,,s,s,s,r,r,s,r,r,6.0,22.0,0.2727,2.0,0.0,0.0,2.0,0.0,0.0,0.0,0.0,0.0,0.0,0,0.0,0,0.0,0.0,0.0,0.0,0.0,2.0,2.0,0.0,2.0,2.0,0,escherichia_coli
escherichia_coli,ec_maewur2c23,barmm,marawi_city,apmc,effluent_water_untreated,2,23,neg,s,s,s,s,s,s,s,s,s,s,s,s,s,s,,s,s,s,s,s,s,s,s,0.0,22.0,0.0,0.0,0.0,0.0,0.0,0.0,0.0,0.0,0.0,0.0,0.0,0,0.0,0,0.0,0.0,0.0,0.0,0.0,0.0,0.0,0.0,0.0,0.0,0,escherichia_coli
enterobacter_cloacae_complex,ec_mkftr1c2,barmm,marawi_city,tuca_kialdan,fish_tilapia,1,2,,,r,,r,r,s,s,s,s,s,s,s,s,s,,s,s,s,s,s,s,s,s,3.0,20.0,0.15,2.0,2.0,0.0,2.0,2.0,0.0,0.0,0.0,0.0,0.0,0,0.0,0,0.0,0.0,0.0,0.0,0.0,0.0,0.0,0.0,0.0,0.0,0,enterobacter_cloacae_complex
escherichia_coli,saloldwr2c2,region_viii_eastern_visayas,ormoc,larrazabal,drinking_water,2,2,neg,s,s,s,s,s,s,s,s,s,s,s,s,s,s,,s,s,s,s,r,s,s,s,1.0,22.0,0.0455,0.0,0.0,0.0,0.0,0.0,0.0,0.0,0.0,0.0,0.0,0,0.0,0,0.0,0.0,0.0,0.0,0.0,0.0,2.0,0.0,0.0,0.0,0,escherichia_coli
klebsiella_pneumoniae_ssp_pneumoniae,ec_mrfkr3c9,barmm,marawi_city,gadongan,fish_kaolang,3,9,neg,r,s,s,s,s,s,s,s,s,s,s,s,s,s,,s,s,s,s,s,s,s,s,1.0,22.0,0.0455,2.0,0.0,0.0,0.0,0.0,0.0,0.0,0.0,0.0,0.0,0,0.0,0,0.0,0.0,0.0,0.0,0.0,0.0,0.0,0.0,0.0,0.0,0,klebsiella_pneumoniae_ssp_pneumoniae
escherichia_coli,ec_maewur1c6,barmm,marawi_city,apmc,effluent_water_untreated,1,6,neg,s,s,s,s,s,s,s,s,s,s,s,s,s,s,,s,s,s,s,s,s,s,s,0.0,22.0,0.0,0.0,0.0,0.0,0.0,0.0,0.0,0.0,0.0,0.0,0.0,0,0.0,0,0.0,0.0,0.0,0.0,0.0,0.0,0.0,0.0,0.0,0.0,0,escherichia_coli
klebsiella_pneumoniae_ssp_pneumoniae,ec_mkftr2c16,barmm,marawi_city,tuca_kialdan,fish_tilapia,2,16,neg,r,s,s,s,s,s,s,s,s,s,s,s,s,s,,s,s,s,s,s,s,s,s,1.0,22.0,0.0455,2.0,0.0,0.0,0.0,0.0,0.0,0.0,0.0,0.0,0.0,0,0.0,0,0.0,0.0,0.0,0.0,0.0,0.0,0.0,0.0,0.0,0.0,0,klebsiella_pneumoniae_ssp_pneumoniae
vibrio_cholerae,vc_mrlwr1c6,barmm,marawi_city,gadongan,lake_water,1,6,,r,s,,,,,,s,s,,s,s,s,,,s,s,,s,s,,s,s,1.0,13.0,0.0769,2.0,0.0,0.0,0.0,0.0,0.0,0.0,0.0,0.0,0.0,0,0.0,0,0.0,0.0,0.0,0.0,0.0,0.0,0.0,0.0,0.0,0.0,0,other
klebsiella_pneumoniae_ssp_pneumoniae,ec_mkftr3c14,barmm,marawi_city,tuca_kialdan,fish_tilapia,3,14,neg,r,s,s,s,s,s,s,s,s,s,s,s,s,s,,s,s,s,s,s,s,s,s,1.0,22.0,0.0455,2.0,0.0,0.0,0.0,0.0,0.0,0.0,0.0,0.0,0.0,0,0.0,0,0.0,0.0,0.0,0.0,0.0,0.0,0.0,0.0,0.0,0.0,0,klebsiella_pneumoniae_ssp_pneumoniae
pseudomonas_aeruginosa,sal_maewur1c3,barmm,marawi_city,apmc,effluent_water_untreated,1,3,,,,,,,,r,s,r,,s,s,s,s,,i,s,,,,,,,3.0,9.0,0.3333,2.0,0.0,0.0,0.0,0.0,0.0,2.0,0.0,2.0,0.0,0,0.0,0,0.0,0.0,1.0,0.0,0.0,0.0,0.0,0.0,0.0,0.0,1,pseudomonas_aeruginosa
escherichia_coli,ec_mrfkr3c7,barmm,marawi_city,gadongan,fish_kaolang,3,7,neg,r,s,s,s,s,s,s,s,s,s,s,s,s,s,,s,s,s,s,s,s,s,s,1.0,22.0,0.0455,2.0,0.0,0.0,0.0,0.0,0.0,0.0,0.0,0.0,0.0,0,0.0,0,0.0,0.0,0.0,0.0,0.0,0.0,0.0,0.0,0.0,0.0,0,escherichia_coli
escherichia_coli,salpgftr2c10,region_iii_central_luzon,pampanga,san_gabriel,fish_tilapia,2,10,neg,r,s,s,r,s,s,s,s,r,s,s,s,s,s,,i,s,i,r,r,s,r,r,7.0,22.0,0.3182,2.0,0.0,0.0,2.0,0.0,0.0,0.0,0.0,2.0,0.0,0,0.0,0,0.0,0.0,1.0,0.0,1.0,2.0,2.0,0.0,2.0,2.0,1,escherichia_coli
escherichia_coli,ec_mdfkr3c5,barmm,marawi_city,dayawan,fish_kaolang,3,5,neg,s,s,s,s,s,s,s,s,s,s,s,s,s,s,,s,s,s,r,i,s,s,s,1.0,22.0,0.0455,0.0,0.0,0.0,0.0,0.0,0.0,0.0,0.0,0.0,0.0,0,0.0,0,0.0,0.0,0.0,0.0,0.0,2.0,1.0,0.0,0.0,0.0,0,escherichia_coli
escherichia_coli,ec_pgftr3c12,region_iii_central_luzon,pampanga,san_gabriel,fish_tilapia,3,12,neg,s,s,s,s,s,s,s,r,s,s,s,s,s,s,,s,s,s,s,s,s,s,s,1.0,22.0,0.0455,0.0,0.0,0.0,0.0,0.0,0.0,0.0,2.0,0.0,0.0,0,0.0,0,0.0,0.0,0.0,0.0,0.0,0.0,0.0,0.0,0.0,0.0,0,escherichia_coli
klebsiella_pneumoniae_ssp_pneumoniae,ec_oafgr3c13,region_viii_eastern_visayas,ormoc,alegria,fish_gusaw,3,13,neg,r,s,s,s,s,s,s,s,s,s,s,s,s,s,,s,s,s,s,s,s,s,s,1.0,22.0,0.0455,2.0,0.0,0.0,0.0,0.0,0.0,0.0,0.0,0.0,0.0,0,0.0,0,0.0,0.0,0.0,0.0,0.0,0.0,0.0,0.0,0.0,0.0,0,klebsiella_pneumoniae_ssp_pneumoniae
enterobacter_aerogenes,ec_mkfkr3c7,barmm,marawi_city,tuca_kialdan,fish_kaolang,3,7,,,r,s,r,r,s,s,s,s,s,s,s,s,s,,s,s,s,s,s,i,s,s,3.0,21.0,0.1429,2.0,2.0,0.0,2.0,2.0,0.0,0.0,0.0,0.0,0.0,0,0.0,0,0.0,0.0,0.0,0.0,0.0,0.0,0.0,1.0,0.0,0.0,0,enterobacter_aerogenes
escherichia_coli,ec_mkftr2c1,barmm,marawi_city,tuca_kialdan,fish_tilapia,2,1,neg,s,s,s,s,i,s,s,s,s,s,s,s,s,s,,s,s,s,r,r,s,s,s,2.0,22.0,0.0909,0.0,0.0,0.0,0.0,1.0,0.0,0.0,0.0,0.0,0.0,0,0.0,0,0.0,0.0,0.0,0.0,0.0,2.0,2.0,0.0,0.0,0.0,0,escherichia_coli
enterobacter_cloacae_complex,ec_pgdwr1c2,region_iii_central_luzon,pampanga,san_gabriel,drinking_water,1,2,,,r,,r,r,s,s,s,s,s,s,s,s,s,,s,s,s,s,s,i,s,s,3.0,20.0,0.15,2.0,2.0,0.0,2.0,2.0,0.0,0.0,0.0,0.0,0.0,0,0.0,0,0.0,0.0,0.0,0.0,0.0,0.0,0.0,1.0,0.0,0.0,0,enterobacter_cloacae_complex
vibrio_cholerae,vc_mklwr1c11,barmm,marawi_city,tuca_kialdan,lake_water,1,11,,r,s,,,,,,s,s,,s,s,s,,,s,s,,s,s,s,s,s,1.0,14.0,0.0714,2.0,0.0,0.0,0.0,0.0,0.0,0.0,0.0,0.0,0.0,0,0.0,0,0.0,0.0,0.0,0.0,0.0,0.0,0.0,0.0,0.0,0.0,0,other
klebsiella_pneumoniae_ssp_pneumoniae,ec_mdfkr2c6,barmm,marawi_city,dayawan,fish_kaolang,2,6,neg,r,s,s,s,s,s,s,s,s,s,s,s,s,s,,s,s,s,r,i,s,s,s,2.0,22.0,0.0909,2.0,0.0,0.0,0.0,0.0,0.0,0.0,0.0,0.0,0.0,0,0.0,0,0.0,0.0,0.0,0.0,0.0,2.0,1.0,0.0,0.0,0.0,0,klebsiella_pneumoniae_ssp_pneumoniae
vibrio_fluvialis,vcoadwr3c17,region_viii_eastern_visayas,ormoc,alegria,drinking_water,3,17,neg,r,i,,,,,,s,r,,s,s,s,,,s,s,,s,s,,s,s,2.0,13.0,0.1538,2.0,1.0,0.0,0.0,0.0,0.0,0.0,0.0,2.0,0.0,0,0.0,0,0.0,0.0,0.0,0.0,0.0,0.0,0.0,0.0,0.0,0.0,0,other
klebsiella_pneumoniae_ssp_pneumoniae,ec_prrwr1c10,region_iii_central_luzon,pampanga,san_roque,river_water,1,10,neg,r,s,s,s,s,s,s,s,s,s,s,s,s,s,,s,s,s,s,s,s,s,s,1.0,22.0,0.0455,2.0,0.0,0.0,0.0,0.0,0.0,0.0,0.0,0.0,0.0,0,0.0,0,0.0,0.0,0.0,0.0,0.0,0.0,0.0,0.0,0.0,0.0,0,klebsiella_pneumoniae_ssp_pneumoniae
klebsiella_pneumoniae_ssp_pneumoniae,ec_mkftr3c7,barmm,marawi_city,tuca_kialdan,fish_tilapia,3,7,neg,r,s,s,s,s,s,s,s,s,s,s,s,s,s,,s,s,s,s,s,i,s,s,1.0,22.0,0.0455,2.0,0.0,0.0,0.0,0.0,0.0,0.0,0.0,0.0,0.0,0,0.0,0,0.0,0.0,0.0,0.0,0.0,0.0,0.0,1.0,0.0,0.0,0,klebsiella_pneumoniae_ssp_pneumoniae
klebsiella_pneumoniae_ssp_pneumoniae,ec_pgdwr2c4,region_iii_central_luzon,pampanga,san_gabriel,drinking_water,2,4,neg,r,s,s,s,s,s,s,s,s,s,s,s,s,s,,s,s,s,s,s,s,s,s,1.0,22.0,0.0455,2.0,0.0,0.0,0.0,0.0,0.0,0.0,0.0,0.0,0.0,0,0.0,0,0.0,0.0,0.0,0.0,0.0,0.0,0.0,0.0,0.0,0.0,0,klebsiella_pneumoniae_ssp_pneumoniae
klebsiella_pneumoniae_ssp_pneumoniae,ec_mrlwr1c16,barmm,marawi_city,gadongan,lake_water,1,16,neg,r,s,s,s,s,s,s,s,s,s,s,s,s,s,,s,s,s,s,s,s,s,s,1.0,22.0,0.0455,2.0,0.0,0.0,0.0,0.0,0.0,0.0,0.0,0.0,0.0,0,0.0,0,0.0,0.0,0.0,0.0,0.0,0.0,0.0,0.0,0.0,0.0,0,klebsiella_pneumoniae_ssp_pneumoniae
enterobacter_cloacae_complex,ec_pgfgr3c16,region_iii_central_luzon,pampanga,san_gabriel,fish_gusaw,3,16,,,r,s,r,r,s,s,s,i,s,s,s,s,s,,s,s,s,s,s,i,s,s,3.0,21.0,0.1429,2.0,2.0,0.0,2.0,2.0,0.0,0.0,0.0,1.0,0.0,0,0.0,0,0.0,0.0,0.0,0.0,0.0,0.0,0.0,1.0,0.0,0.0,0,enterobacter_cloacae_complex
enterobacter_aerogenes,ec_mdftr2c16,barmm,marawi_city,dayawan,fish_tilapia,2,16,,,s,,r,r,i,,r,i,s,s,s,s,s,,i,s,s,r,i,s,r,r,7.0,19.0,0.3684,2.0,0.0,0.0,2.0,2.0,1.0,0.0,2.0,1.0,0.0,0,0.0,0,0.0,0.0,1.0,0.0,0.0,2.0,1.0,0.0,2.0,2.0,1,enterobacter_aerogenes
klebsiella_pneumoniae_ssp_pneumoniae,ec_oafbr3c18,region_viii_eastern_visayas,ormoc,alegria,fish_banak,3,18,neg,r,s,s,s,s,s,s,s,s,s,s,s,s,s,,s,s,s,s,s,s,s,s,1.0,22.0,0.0455,2.0,0.0,0.0,0.0,0.0,0.0,0.0,0.0,0.0,0.0,0,0.0,0,0.0,0.0,0.0,0.0,0.0,0.0,0.0,0.0,0.0,0.0,0,klebsiella_pneumoniae_ssp_pneumoniae
escherichia_coli,ec_maewtr3c10,barmm,marawi_city,apmc,effluent_water_treated,3,10,neg,s,s,s,s,s,s,s,s,s,s,s,s,s,s,,s,s,s,i,r,s,s,s,3.0,22.0,0.1364,0.0,0.0,0.0,0.0,0.0,0.0,0.0,0.0,0.0,0.0,0,0.0,0,0.0,0.0,0.0,0.0,0.0,1.0,2.0,0.0,0.0,0.0,0,escherichia_coli
klebsiella_pneumoniae_ssp_pneumoniae,ec_mrlwr3c12,barmm,marawi_city,gadongan,lake_water,3,12,neg,r,s,s,s,s,s,s,s,s,s,s,s,s,s,,s,s,s,s,s,i,s,s,1.0,22.0,0.0455,2.0,0.0,0.0,0.0,0.0,0.0,0.0,0.0,0.0,0.0,0,0.0,0,0.0,0.0,0.0,0.0,0.0,0.0,0.0,1.0,0.0,0.0,0,klebsiella_pneumoniae_ssp_pneumoniae
klebsiella_pneumoniae_ssp_pneumoniae,ec_mkfkr1c16,barmm,marawi_city,tuca_kialdan,fish_kaolang,1,16,neg,r,s,s,s,s,s,s,s,s,s,s,s,s,s,,s,s,s,i,r,i,s,s,2.0,22.0,0.0909,2.0,0.0,0.0,0.0,0.0,0.0,0.0,0.0,0.0,0.0,0,0.0,0,0.0,0.0,0.0,0.0,0.0,1.0,2.0,1.0,0.0,0.0,0,klebsiella_pneumoniae_ssp_pneumoniae
enterobacter_cloacae_complex,ec_prrwr3c1,region_iii_central_luzon,pampanga,san_roque,river_water,3,1,,,r,,r,r,s,s,s,s,s,s,s,s,s,,s,s,s,s,s,s,s,s,3.0,20.0,0.15,2.0,2.0,0.0,2.0,2.0,0.0,0.0,0.0,0.0,0.0,0,0.0,0,0.0,0.0,0.0,0.0,0.0,0.0,0.0,0.0,0.0,0.0,0,enterobacter_cloacae_complex
enterobacter_aerogenes,ec_pgfgr1c5,region_iii_central_luzon,pampanga,san_gabriel,fish_gusaw,1,5,,,r,s,r,r,s,s,i,s,s,s,s,s,s,,s,s,s,s,s,i,s,s,3.0,21.0,0.1429,2.0,2.0,0.0,2.0,2.0,0.0,0.0,1.0,0.0,0.0,0,0.0,0,0.0,0.0,0.0,0.0,0.0,0.0,0.0,1.0,0.0,0.0,0,enterobacter_aerogenes
escherichia_coli,ec_oldwr3c4,region_viii_eastern_visayas,ormoc,larrazabal,drinking_water,3,4,neg,s,s,s,s,s,s,s,s,s,s,s,s,s,s,,s,s,s,s,s,s,s,s,0.0,22.0,0.0,0.0,0.0,0.0,0.0,0.0,0.0,0.0,0.0,0.0,0.0,0,0.0,0,0.0,0.0,0.0,0.0,0.0,0.0,0.0,0.0,0.0,0.0,0,escherichia_coli
klebsiella_pneumoniae_ssp_pneumoniae,vc_mdftr3c1,barmm,marawi_city,dayawan,fish_tilapia,3,1,neg,r,s,s,r,r,s,,i,s,s,s,s,s,s,,i,s,s,r,r,s,r,r,7.0,21.0,0.3333,2.0,0.0,0.0,2.0,2.0,0.0,0.0,1.0,0.0,0.0,0,0.0,0,0.0,0.0,1.0,0.0,0.0,2.0,2.0,0.0,2.0,2.0,1,klebsiella_pneumoniae_ssp_pneumoniae
klebsiella_pneumoniae_ssp_pneumoniae,ec_mkfkr1c11,barmm,marawi_city,tuca_kialdan,fish_kaolang,1,11,neg,r,r,s,s,s,s,s,s,s,s,s,s,s,s,,,,s,,s,i,s,s,2.0,19.0,0.1053,2.0,2.0,0.0,0.0,0.0,0.0,0.0,0.0,0.0,0.0,0,0.0,0,0.0,0.0,0.0,0.0,0.0,0.0,0.0,1.0,0.0,0.0,0,klebsiella_pneumoniae_ssp_pneumoniae
pseudomonas_aeruginosa,saloaewur2c2,region_viii_eastern_visayas,ormoc,od_hospital,effluent_water_untreated,2,2,,,,,,,,r,r,r,,s,s,s,,,i,s,,,,,,,3.0,8.0,0.38,2.0,0.0,0.0,0.0,0.0,0.0,2.0,2.0,2.0,0.0,0,0.0,0,0.0,0.0,1.0,0.0,0.0,0.0,0.0,0.0,0.0,0.0,1,pseudomonas_aeruginosa
enterobacter_cloacae_complex,vc_mkdwr1c1,barmm,marawi_city,tuca_kialdan,drinking_water,1,1,,,r,,r,r,s,,s,s,s,s,s,s,s,,s,s,s,s,s,r,i,s,4.0,19.0,0.2105,2.0,2.0,0.0,2.0,2.0,0.0,0.0,0.0,0.0,0.0,0,0.0,0,0.0,0.0,0.0,0.0,0.0,0.0,0.0,2.0,1.0,0.0,0,enterobacter_cloacae_complex
escherichia_coli,salprrwr3c10,region_iii_central_luzon,pampanga,san_roque,river_water,3,10,neg,s,s,s,s,s,s,s,s,s,s,s,s,s,s,,i,s,s,r,r,s,r,r,4.0,22.0,0.1818,0.0,0.0,0.0,0.0,0.0,0.0,0.0,0.0,0.0,0.0,0,0.0,0,0.0,0.0,1.0,0.0,0.0,2.0,2.0,0.0,2.0,2.0,0,escherichia_coli
enterobacter_cloacae_complex,ec_prftr3c5,region_iii_central_luzon,pampanga,san_roque,fish_tilapia,3,5,,,r,,r,r,s,s,s,s,s,s,s,s,s,,s,s,s,s,s,i,s,s,3.0,20.0,0.15,2.0,2.0,0.0,2.0,2.0,0.0,0.0,0.0,0.0,0.0,0,0.0,0,0.0,0.0,0.0,0.0,0.0,0.0,0.0,1.0,0.0,0.0,0,enterobacter_cloacae_complex
escherichia_coli,vc_mrftr1c2,barmm,marawi_city,gadongan,fish_tilapia,1,2,neg,r,s,s,s,i,s,s,s,s,s,s,s,s,s,,s,s,s,s,r,s,s,s,2.0,22.0,0.0909,2.0,0.0,0.0,0.0,1.0,0.0,0.0,0.0,0.0,0.0,0,0.0,0,0.0,0.0,0.0,0.0,0.0,0.0,2.0,0.0,0.0,0.0,0,escherichia_coli
escherichia_coli,ec_maewur3c22,barmm,marawi_city,apmc,effluent_water_untreated,3,22,neg,s,s,s,s,s,s,s,s,s,s,s,s,s,s,,s,s,s,s,s,s,s,s,0.0,22.0,0.0,0.0,0.0,0.0,0.0,0.0,0.0,0.0,0.0,0.0,0.0,0,0.0,0,0.0,0.0,0.0,0.0,0.0,0.0,0.0,0.0,0.0,0.0,0,escherichia_coli
klebsiella_pneumoniae_ssp_pneumoniae,ec_mdfkr3c1,barmm,marawi_city,dayawan,fish_kaolang,3,1,neg,r,s,s,s,s,s,s,s,s,s,s,s,s,s,,s,s,s,s,s,s,s,s,1.0,22.0,0.0455,2.0,0.0,0.0,0.0,0.0,0.0,0.0,0.0,0.0,0.0,0,0.0,0,0.0,0.0,0.0,0.0,0.0,0.0,0.0,0.0,0.0,0.0,0,klebsiella_pneumoniae_ssp_pneumoniae
enterobacter_aerogenes,ec_prfgr2c11,region_iii_central_luzon,pampanga,san_roque,fish_gusaw,2,11,,,r,s,r,r,s,s,i,s,s,s,s,s,s,,s,s,s,s,s,i,s,s,3.0,20.0,0.15,2.0,2.0,0.0,2.0,2.0,0.0,0.0,1.0,0.0,0.0,0,0.0,0,0.0,0.0,0.0,0.0,0.0,0.0,0.0,1.0,0.0,0.0,0,enterobacter_aerogenes
enterobacter_aerogenes,ec_pgftr1c7,region_iii_central_luzon,pampanga,san_gabriel,fish_tilapia,1,7,,,r,s,r,r,s,s,s,s,s,s,s,s,s,,s,s,s,s,s,i,s,s,3.0,21.0,0.1429,2.0,2.0,0.0,2.0,2.0,0.0,0.0,0.0,0.0,0.0,0,0.0,0,0.0,0.0,0.0,0.0,0.0,0.0,0.0,1.0,0.0,0.0,0,enterobacter_aerogenes
enterobacter_cloacae_complex,ec_mklwr2c1,barmm,marawi_city,tuca_kialdan,lake_water,2,1,,,r,,r,r,s,s,s,s,s,s,s,s,s,,s,s,s,s,s,i,s,s,3.0,20.0,0.15,2.0,2.0,0.0,2.0,2.0,0.0,0.0,0.0,0.0,0.0,0,0.0,0,0.0,0.0,0.0,0.0,0.0,0.0,0.0,1.0,0.0,0.0,0,enterobacter_cloacae_complex
escherichia_coli,ec_maewur1c9,barmm,marawi_city,apmc,effluent_water_untreated,1,9,neg,r,s,s,s,s,s,s,s,s,s,s,s,s,s,,s,s,s,s,s,s,s,s,1.0,22.0,0.0455,2.0,0.0,0.0,0.0,0.0,0.0,0.0,0.0,0.0,0.0,0,0.0,0,0.0,0.0,0.0,0.0,0.0,0.0,0.0,0.0,0.0,0.0,0,escherichia_coli
escherichia_coli,ec_mdftr3c1,barmm,marawi_city,dayawan,fish_tilapia,3,1,neg,s,s,s,s,s,s,s,s,s,s,s,s,s,s,,s,s,s,s,s,s,s,s,0.0,22.0,0.0,0.0,0.0,0.0,0.0,0.0,0.0,0.0,0.0,0.0,0.0,0,0.0,0,0.0,0.0,0.0,0.0,0.0,0.0,0.0,0.0,0.0,0.0,0,escherichia_coli
klebsiella_pneumoniae_ssp_pneumoniae,ec_oafbr3c2,region_viii_eastern_visayas,ormoc,alegria,fish_banak,3,2,neg,r,s,s,s,s,s,s,s,s,s,s,s,s,s,,s,s,s,s,s,i,s,s,1.0,22.0,0.0455,2.0,0.0,0.0,0.0,0.0,0.0,0.0,0.0,0.0,0.0,0,0.0,0,0.0,0.0,0.0,0.0,0.0,0.0,0.0,1.0,0.0,0.0,0,klebsiella_pneumoniae_ssp_pneumoniae
escherichia_coli,ec_mkfkr1c3,barmm,marawi_city,tuca_kialdan,fish_kaolang,1,3,neg,s,s,s,s,s,s,s,s,s,s,s,s,s,s,,s,s,s,r,r,s,s,s,2.0,22.0,0.0909,0.0,0.0,0.0,0.0,0.0,0.0,0.0,0.0,0.0,0.0,0,0.0,0,0.0,0.0,0.0,0.0,0.0,2.0,2.0,0.0,0.0,0.0,0,escherichia_coli
enterobacter_cloacae_complex,ec_prdwr2c6,region_iii_central_luzon,pampanga,san_roque,drinking_water,2,6,,,r,,r,r,s,s,s,s,s,s,s,s,s,,s,s,s,s,s,i,s,s,3.0,20.0,0.15,2.0,2.0,0.0,2.0,2.0,0.0,0.0,0.0,0.0,0.0,0,0.0,0,0.0,0.0,0.0,0.0,0.0,0.0,0.0,1.0,0.0,0.0,0,enterobacter_cloacae_complex
escherichia_coli,ec_oafgr1c14,region_viii_eastern_visayas,ormoc,alegria,fish_gusaw,1,14,neg,s,s,s,s,s,s,s,s,s,s,s,s,s,s,,s,s,s,s,s,s,s,s,0.0,22.0,0.0,0.0,0.0,0.0,0.0,0.0,0.0,0.0,0.0,0.0,0.0,0,0.0,0,0.0,0.0,0.0,0.0,0.0,0.0,0.0,0.0,0.0,0.0,0,escherichia_coli
escherichia_coli,vcpgftr1c9,region_iii_central_luzon,pampanga,san_gabriel,fish_tilapia,1,9,neg,r,s,s,r,s,s,s,s,s,s,s,s,s,s,,s,s,s,s,s,s,i,s,2.0,22.0,0.0909,2.0,0.0,0.0,2.0,0.0,0.0,0.0,0.0,0.0,0.0,0,0.0,0,0.0,0.0,0.0,0.0,0.0,0.0,0.0,0.0,1.0,0.0,0,escherichia_coli
escherichia_coli,ec_mrftr3c5,barmm,marawi_city,gadongan,fish_tilapia,3,5,neg,s,s,s,s,s,s,s,s,s,s,s,s,s,s,,s,s,s,s,s,s,s,s,0.0,22.0,0.0,0.0,0.0,0.0,0.0,0.0,0.0,0.0,0.0,0.0,0.0,0,0.0,0,0.0,0.0,0.0,0.0,0.0,0.0,0.0,0.0,0.0,0.0,0,escherichia_coli
vibrio_fluvialis,vc_mrlwr1c15,barmm,marawi_city,gadongan,lake_water,1,15,,r,s,,,,,,s,s,,s,s,s,,,s,s,,s,s,,s,s,1.0,13.0,0.0769,2.0,0.0,0.0,0.0,0.0,0.0,0.0,0.0,0.0,0.0,0,0.0,0,0.0,0.0,0.0,0.0,0.0,0.0,0.0,0.0,0.0,0.0,0,other
salmonella_enterica_spp_diarizonae,sal_mdftr2c1,barmm,marawi_city,dayawan,fish_tilapia,2,1,,r,s,,r,r,s,,i,i,s,s,r,r,s,,i,s,i,s,s,s,r,s,6.0,20.0,0.3,2.0,0.0,0.0,2.0,2.0,0.0,0.0,1.0,1.0,0.0,0,2.0,2,0.0,0.0,1.0,0.0,1.0,0.0,0.0,0.0,2.0,0.0,0,other
escherichia_coli,ec_maewur2c2,barmm,marawi_city,apmc,effluent_water_untreated,2,2,neg,s,s,s,s,s,s,s,s,s,s,s,s,s,s,,s,s,s,s,s,s,s,s,0.0,22.0,0.0,0.0,0.0,0.0,0.0,0.0,0.0,0.0,0.0,0.0,0.0,0,0.0,0,0.0,0.0,0.0,0.0,0.0,0.0,0.0,0.0,0.0,0.0,0,escherichia_coli
klebsiella_pneumoniae_ssp_pneumoniae,ec_pgfgr3c3,region_iii_central_luzon,pampanga,san_gabriel,fish_gusaw,3,3,neg,r,s,s,s,s,s,s,s,s,s,s,s,s,s,,s,s,s,s,s,s,s,s,1.0,22.0,0.0455,2.0,0.0,0.0,0.0,0.0,0.0,0.0,0.0,0.0,0.0,0,0.0,0,0.0,0.0,0.0,0.0,0.0,0.0,0.0,0.0,0.0,0.0,0,klebsiella_pneumoniae_ssp_pneumoniae
klebsiella_pneumoniae_ssp_pneumoniae,ec_oafbr2c5,region_viii_eastern_visayas,ormoc,alegria,fish_banak,2,5,neg,r,s,s,s,s,s,s,s,s,s,s,s,s,s,,s,s,s,s,s,s,s,s,1.0,22.0,0.0455,2.0,0.0,0.0,0.0,0.0,0.0,0.0,0.0,0.0,0.0,0,0.0,0,0.0,0.0,0.0,0.0,0.0,0.0,0.0,0.0,0.0,0.0,0,klebsiella_pneumoniae_ssp_pneumoniae
escherichia_coli,ec_mrlwr3c17,barmm,marawi_city,gadongan,lake_water,3,17,neg,s,s,s,s,s,s,s,s,s,s,s,s,s,s,,s,s,s,r,r,s,s,s,2.0,22.0,0.0909,0.0,0.0,0.0,0.0,0.0,0.0,0.0,0.0,0.0,0.0,0,0.0,0,0.0,0.0,0.0,0.0,0.0,2.0,2.0,0.0,0.0,0.0,0,escherichia_coli
escherichia_coli,vc_mdftr3c4,barmm,marawi_city,dayawan,fish_tilapia,3,4,neg,s,s,s,s,s,s,s,s,s,s,s,s,s,s,,s,s,s,s,s,s,s,s,0.0,22.0,0.0,0.0,0.0,0.0,0.0,0.0,0.0,0.0,0.0,0.0,0.0,0,0.0,0,0.0,0.0,0.0,0.0,0.0,0.0,0.0,0.0,0.0,0.0,0,escherichia_coli
escherichia_coli,salpgfgr2c7,region_iii_central_luzon,pampanga,san_gabriel,fish_gusaw,2,7,neg,s,s,s,s,s,s,s,s,i,s,s,s,s,s,,i,s,s,r,r,s,r,r,4.0,22.0,0.1818,0.0,0.0,0.0,0.0,0.0,0.0,0.0,0.0,1.0,0.0,0,0.0,0,0.0,0.0,1.0,0.0,0.0,2.0,2.0,0.0,2.0,2.0,0,escherichia_coli
enterobacter_cloacae_complex,ec_pgrwr1c2,region_iii_central_luzon,pampanga,san_gabriel,river_water,1,2,,,r,,r,r,s,s,s,s,s,s,s,s,s,,s,s,s,s,s,i,s,s,3.0,20.0,0.15,2.0,2.0,0.0,2.0,2.0,0.0,0.0,0.0,0.0,0.0,0,0.0,0,0.0,0.0,0.0,0.0,0.0,0.0,0.0,1.0,0.0,0.0,0,enterobacter_cloacae_complex
klebsiella_pneumoniae_ssp_pneumoniae,ec_olfgr2c1,region_viii_eastern_visayas,ormoc,larrazabal,fish_gusaw,2,1,pos,r,s,r,r,r,r,,r,r,s,s,s,s,s,,,s,s,,s,s,s,r,8.0,19.0,0.4211,2.0,0.0,2.0,2.0,2.0,2.0,0.0,2.0,2.0,0.0,0,0.0,0,0.0,0.0,0.0,0.0,0.0,0.0,0.0,0.0,0.0,2.0,1,klebsiella_pneumoniae_ssp_pneumoniae
klebsiella_pneumoniae_ssp_pneumoniae,sal_mkdwr2c2,barmm,marawi_city,tuca_kialdan,drinking_water,2,2,neg,r,s,,s,s,s,,s,s,s,s,s,s,s,,s,s,s,r,r,s,s,s,3.0,20.0,0.15,2.0,0.0,0.0,0.0,0.0,0.0,0.0,0.0,0.0,0.0,0,0.0,0,0.0,0.0,0.0,0.0,0.0,2.0,2.0,0.0,0.0,0.0,0,klebsiella_pneumoniae_ssp_pneumoniae
klebsiella_pneumoniae_ssp_pneumoniae,ec_oafbr2c15,region_viii_eastern_visayas,ormoc,alegria,fish_banak,2,15,neg,r,s,s,s,s,s,s,s,s,s,s,s,s,s,,s,s,s,s,s,i,s,s,1.0,22.0,0.0455,2.0,0.0,0.0,0.0,0.0,0.0,0.0,0.0,0.0,0.0,0,0.0,0,0.0,0.0,0.0,0.0,0.0,0.0,0.0,1.0,0.0,0.0,0,klebsiella_pneumoniae_ssp_pneumoniae
escherichia_coli,ec_mrfkr3c3,barmm,marawi_city,gadongan,fish_kaolang,3,3,neg,r,s,s,s,s,s,s,s,s,s,s,s,s,s,,s,s,s,r,r,s,s,s,3.0,22.0,0.1364,2.0,0.0,0.0,0.0,0.0,0.0,0.0,0.0,0.0,0.0,0,0.0,0,0.0,0.0,0.0,0.0,0.0,2.0,2.0,0.0,0.0,0.0,0,escherichia_coli
escherichia_coli,ec_mdftr2c10,barmm,marawi_city,dayawan,fish_tilapia,2,10,neg,s,s,s,s,i,s,s,s,s,s,s,s,s,s,,s,s,s,s,s,s,i,s,0.0,22.0,0.0,0.0,0.0,0.0,0.0,1.0,0.0,0.0,0.0,0.0,0.0,0,0.0,0,0.0,0.0,0.0,0.0,0.0,0.0,0.0,0.0,1.0,0.0,0,escherichia_coli
klebsiella_pneumoniae_ssp_pneumoniae,ec_prrwr1c5,region_iii_central_luzon,pampanga,san_roque,river_water,1,5,neg,r,s,s,s,s,s,s,s,s,s,s,s,s,i,,i,s,i,r,r,s,r,r,5.0,22.0,0.2273,2.0,0.0,0.0,0.0,0.0,0.0,0.0,0.0,0.0,0.0,0,0.0,0,1.0,0.0,1.0,0.0,1.0,2.0,2.0,0.0,2.0,2.0,0,klebsiella_pneumoniae_ssp_pneumoniae
escherichia_coli,ec_oafbr2c14,region_viii_eastern_visayas,ormoc,alegria,fish_banak,2,14,neg,r,s,s,s,s,s,s,s,s,s,s,s,s,s,,s,s,s,r,r,s,r,s,4.0,22.0,0.1818,2.0,0.0,0.0,0.0,0.0,0.0,0.0,0.0,0.0,0.0,0,0.0,0,0.0,0.0,0.0,0.0,0.0,2.0,2.0,0.0,2.0,0.0,0,escherichia_coli
klebsiella_pneumoniae_ssp_pneumoniae,ec_mkfkr1c15,barmm,marawi_city,tuca_kialdan,fish_kaolang,1,15,neg,r,s,s,s,s,s,s,s,s,s,s,s,s,s,,s,s,s,s,s,s,s,s,1.0,22.0,0.0455,2.0,0.0,0.0,0.0,0.0,0.0,0.0,0.0,0.0,0.0,0,0.0,0,0.0,0.0,0.0,0.0,0.0,0.0,0.0,0.0,0.0,0.0,0,klebsiella_pneumoniae_ssp_pneumoniae
escherichia_coli,ec_oafbr3c8,region_viii_eastern_visayas,ormoc,alegria,fish_banak,3,8,neg,s,s,s,s,s,s,s,s,s,s,s,s,s,s,,s,s,s,s,s,s,s,s,0.0,22.0,0.0,0.0,0.0,0.0,0.0,0.0,0.0,0.0,0.0,0.0,0.0,0,0.0,0,0.0,0.0,0.0,0.0,0.0,0.0,0.0,0.0,0.0,0.0,0,escherichia_coli
escherichia_coli,salpgdwr1c1,region_iii_central_luzon,pampanga,san_gabriel,drinking_water,1,1,neg,r,s,s,r,s,s,s,s,s,s,s,s,s,s,,i,s,s,r,r,s,r,r,6.0,22.0,0.2727,2.0,0.0,0.0,2.0,0.0,0.0,0.0,0.0,0.0,0.0,0,0.0,0,0.0,0.0,1.0,0.0,0.0,2.0,2.0,0.0,2.0,2.0,0,escherichia_coli
vibrio_fluvialis,vc_mrlwr2c2,barmm,marawi_city,gadongan,lake_water,2,2,,r,s,,,,,,s,i,,s,s,s,,,s,s,,s,s,,s,s,1.0,13.0,0.0769,2.0,0.0,0.0,0.0,0.0,0.0,0.0,0.0,1.0,0.0,0,0.0,0,0.0,0.0,0.0,0.0,0.0,0.0,0.0,0.0,0.0,0.0,0,other
salmonella_group,salprrwr2c7,region_iii_central_luzon,pampanga,san_roque,river_water,2,7,,s,s,s,r,r,s,s,s,r,s,s,r,r,s,,s,s,s,s,s,s,s,s,5.0,22.0,0.2273,0.0,0.0,0.0,2.0,2.0,0.0,0.0,0.0,2.0,0.0,0,2.0,2,0.0,0.0,0.0,0.0,0.0,0.0,0.0,0.0,0.0,0.0,0,salmonella_group
escherichia_coli,ec_mkfkr1c6,barmm,marawi_city,tuca_kialdan,fish_kaolang,1,6,neg,s,s,s,s,s,s,s,s,s,s,s,,s,s,,s,s,s,r,r,s,s,s,2.0,22.0,0.0909,0.0,0.0,0.0,0.0,0.0,0.0,0.0,0.0,0.0,0.0,0,0.0,0,0.0,0.0,0.0,0.0,0.0,2.0,2.0,0.0,0.0,0.0,0,escherichia_coli
vibrio_fluvialis,vcoarwr3c14,region_viii_eastern_visayas,ormoc,alegria,river_water,3,14,neg,i,s,,,,,,s,s,,s,s,s,,,s,s,,s,s,,s,s,0.0,13.0,0.0,1.0,0.0,0.0,0.0,0.0,0.0,0.0,0.0,0.0,0.0,0,0.0,0,0.0,0.0,0.0,0.0,0.0,0.0,0.0,0.0,0.0,0.0,0,other
klebsiella_pneumoniae_ssp_pneumoniae,ec_prrwr2c4,region_iii_central_luzon,pampanga,san_roque,river_water,2,4,neg,r,s,s,s,s,s,s,s,s,s,s,s,s,s,,s,s,s,s,s,i,s,s,1.0,22.0,0.0455,2.0,0.0,0.0,0.0,0.0,0.0,0.0,0.0,0.0,0.0,0,0.0,0,0.0,0.0,0.0,0.0,0.0,0.0,0.0,1.0,0.0,0.0,0,klebsiella_pneumoniae_ssp_pneumoniae
klebsiella_pneumoniae_ssp_pneumoniae,sal_mkftr1c1,barmm,marawi_city,tuca_kialdan,fish_tilapia,1,1,neg,r,s,s,s,s,s,s,s,s,s,s,s,s,s,,s,s,s,s,s,s,s,s,1.0,22.0,0.0455,2.0,0.0,0.0,0.0,0.0,0.0,0.0,0.0,0.0,0.0,0,0.0,0,0.0,0.0,0.0,0.0,0.0,0.0,0.0,0.0,0.0,0.0,0,klebsiella_pneumoniae_ssp_pneumoniae
escherichia_coli,ec_mrlwr2c3,barmm,marawi_city,gadongan,lake_water,2,3,neg,r,i,s,s,i,s,s,s,s,s,s,s,s,s,,s,s,s,s,s,s,s,r,2.0,22.0,0.0909,2.0,1.0,0.0,0.0,1.0,0.0,0.0,0.0,0.0,0.0,0,0.0,0,0.0,0.0,0.0,0.0,0.0,0.0,0.0,0.0,0.0,2.0,0,escherichia_coli
escherichia_coli,ec_olfbr3c9,region_viii_eastern_visayas,ormoc,larrazabal,fish_banak,3,9,neg,s,s,s,s,s,s,s,s,s,s,s,s,s,s,,s,s,s,s,s,s,s,s,0.0,22.0,0.0,0.0,0.0,0.0,0.0,0.0,0.0,0.0,0.0,0.0,0.0,0,0.0,0,0.0,0.0,0.0,0.0,0.0,0.0,0.0,0.0,0.0,0.0,0,escherichia_coli
escherichia_coli,salprdwr3c15,region_iii_central_luzon,pampanga,san_roque,drinking_water,3,15,neg,s,s,s,s,s,s,s,s,s,s,s,s,s,s,,i,s,s,r,r,s,r,r,4.0,22.0,0.1818,0.0,0.0,0.0,0.0,0.0,0.0,0.0,0.0,0.0,0.0,0,0.0,0,0.0,0.0,1.0,0.0,0.0,2.0,2.0,0.0,2.0,2.0,0,escherichia_coli
pseudomonas_aeruginosa,sg_maewur2c4,barmm,marawi_city,apmc,effluent_water_untreated,2,4,,,,,,,,r,r,r,,s,s,s,,,i,s,,,,,,,3.0,9.0,0.3333,2.0,0.0,0.0,0.0,0.0,0.0,2.0,2.0,2.0,0.0,0,0.0,0,0.0,0.0,1.0,0.0,0.0,0.0,0.0,0.0,0.0,0.0,1,pseudomonas_aeruginosa
klebsiella_pneumoniae_ssp_pneumoniae,ec_oadwr1c5,region_viii_eastern_visayas,ormoc,alegria,drinking_water,1,5,neg,r,s,s,s,s,s,s,s,s,s,s,s,s,s,,s,s,s,s,s,s,s,s,1.0,22.0,0.0455,2.0,0.0,0.0,0.0,0.0,0.0,0.0,0.0,0.0,0.0,0,0.0,0,0.0,0.0,0.0,0.0,0.0,0.0,0.0,0.0,0.0,0.0,0,klebsiella_pneumoniae_ssp_pneumoniae
escherichia_coli,ec_olfbr1c4,region_viii_eastern_visayas,ormoc,larrazabal,fish_banak,1,4,neg,s,s,s,s,s,s,s,s,s,s,s,s,s,s,,s,s,s,s,s,s,s,s,0.0,22.0,0.0,0.0,0.0,0.0,0.0,0.0,0.0,0.0,0.0,0.0,0.0,0,0.0,0,0.0,0.0,0.0,0.0,0.0,0.0,0.0,0.0,0.0,0.0,0,escherichia_coli
enterobacter_cloacae_complex,ec_pgfgr3c7,region_iii_central_luzon,pampanga,san_gabriel,fish_gusaw,3,7,,,r,,r,r,s,s,s,s,s,s,s,s,s,,s,s,s,s,s,i,s,s,3.0,20.0,0.15,2.0,2.0,0.0,2.0,2.0,0.0,0.0,0.0,0.0,0.0,0,0.0,0,0.0,0.0,0.0,0.0,0.0,0.0,0.0,1.0,0.0,0.0,0,enterobacter_cloacae_complex
enterobacter_cloacae_complex,ec_prftr1c17,region_iii_central_luzon,pampanga,san_roque,fish_tilapia,1,17,,,r,,r,r,s,s,s,s,s,s,s,s,s,,s,s,s,s,s,i,s,s,3.0,20.0,0.15,2.0,2.0,0.0,2.0,2.0,0.0,0.0,0.0,0.0,0.0,0,0.0,0,0.0,0.0,0.0,0.0,0.0,0.0,0.0,1.0,0.0,0.0,0,enterobacter_cloacae_complex
klebsiella_pneumoniae_ssp_pneumoniae,ec_mkdwr2c4,barmm,marawi_city,tuca_kialdan,drinking_water,2,4,neg,r,s,s,s,i,s,,s,s,s,s,s,s,s,,s,s,s,s,s,s,s,r,2.0,21.0,0.0952,2.0,0.0,0.0,0.0,1.0,0.0,0.0,0.0,0.0,0.0,0,0.0,0,0.0,0.0,0.0,0.0,0.0,0.0,0.0,0.0,0.0,2.0,0,klebsiella_pneumoniae_ssp_pneumoniae
klebsiella_pneumoniae_ssp_pneumoniae,vc_mrfkr2c5,barmm,marawi_city,gadongan,fish_kaolang,2,5,neg,r,s,s,s,s,s,s,s,s,s,s,s,s,s,,s,s,s,s,s,s,s,s,1.0,22.0,0.0455,2.0,0.0,0.0,0.0,0.0,0.0,0.0,0.0,0.0,0.0,0,0.0,0,0.0,0.0,0.0,0.0,0.0,0.0,0.0,0.0,0.0,0.0,0,klebsiella_pneumoniae_ssp_pneumoniae
escherichia_coli,vcprftr1c6,region_iii_central_luzon,pampanga,san_roque,fish_tilapia,1,6,neg,r,s,s,r,s,s,s,s,i,s,s,s,s,s,,i,s,s,i,r,s,s,s,3.0,22.0,0.1364,2.0,0.0,0.0,2.0,0.0,0.0,0.0,0.0,1.0,0.0,0,0.0,0,0.0,0.0,1.0,0.0,0.0,1.0,2.0,0.0,0.0,0.0,0,escherichia_coli
escherichia_coli,vcpgftr1c10,region_iii_central_luzon,pampanga,san_gabriel,fish_tilapia,1,10,neg,r,s,s,r,s,s,s,s,i,s,s,s,s,s,,s,s,s,s,s,s,s,s,2.0,22.0,0.0909,2.0,0.0,0.0,2.0,0.0,0.0,0.0,0.0,1.0,0.0,0,0.0,0,0.0,0.0,0.0,0.0,0.0,0.0,0.0,0.0,0.0,0.0,0,escherichia_coli
escherichia_coli,ec_oafgr1c6,region_viii_eastern_visayas,ormoc,alegria,fish_gusaw,1,6,neg,s,s,s,s,s,s,s,s,s,s,s,s,s,s,,s,s,s,r,r,s,s,s,2.0,22.0,0.0909,0.0,0.0,0.0,0.0,0.0,0.0,0.0,0.0,0.0,0.0,0,0.0,0,0.0,0.0,0.0,0.0,0.0,2.0,2.0,0.0,0.0,0.0,0,escherichia_coli
escherichia_coli,ec_olfbr1c2,region_viii_eastern_visayas,ormoc,larrazabal,fish_banak,1,2,neg,r,s,s,s,s,s,s,s,s,s,s,s,s,s,,s,s,s,s,r,s,r,s,3.0,22.0,0.1364,2.0,0.0,0.0,0.0,0.0,0.0,0.0,0.0,0.0,0.0,0,0.0,0,0.0,0.0,0.0,0.0,0.0,0.0,2.0,0.0,2.0,0.0,0,escherichia_coli
klebsiella_pneumoniae_ssp_pneumoniae,ec_maewur3c24,barmm,marawi_city,apmc,effluent_water_untreated,3,24,neg,r,s,s,s,s,s,s,s,s,s,s,s,s,s,,s,s,s,s,s,s,s,s,1.0,22.0,0.0455,2.0,0.0,0.0,0.0,0.0,0.0,0.0,0.0,0.0,0.0,0,0.0,0,0.0,0.0,0.0,0.0,0.0,0.0,0.0,0.0,0.0,0.0,0,klebsiella_pneumoniae_ssp_pneumoniae
pseudomonas_aeruginosa,sal_maewur2c6,barmm,marawi_city,apmc,effluent_water_untreated,2,6,neg,,,,,,,r,r,r,,s,s,s,,,s,s,,,,,,,3.0,9.0,0.3333,2.0,0.0,0.0,0.0,0.0,0.0,2.0,2.0,2.0,0.0,0,0.0,0,0.0,0.0,0.0,0.0,0.0,0.0,0.0,0.0,0.0,0.0,1,pseudomonas_aeruginosa
enterobacter_cloacae_complex,ec_prfgr3c20,region_iii_central_luzon,pampanga,san_roque,fish_gusaw,3,20,,,r,,r,r,s,s,s,i,s,s,s,s,s,,s,s,s,s,s,i,s,s,3.0,20.0,0.15,2.0,2.0,0.0,2.0,2.0,0.0,0.0,0.0,1.0,0.0,0,0.0,0,0.0,0.0,0.0,0.0,0.0,0.0,0.0,1.0,0.0,0.0,0,enterobacter_cloacae_complex
enterobacter_cloacae_complex,vc_mkdwr1c3,barmm,marawi_city,tuca_kialdan,drinking_water,1,3,,,r,,r,r,s,,s,s,s,s,s,s,s,,s,s,s,s,s,r,i,s,4.0,19.0,0.2105,2.0,2.0,0.0,2.0,2.0,0.0,0.0,0.0,0.0,0.0,0,0.0,0,0.0,0.0,0.0,0.0,0.0,0.0,0.0,2.0,1.0,0.0,0,enterobacter_cloacae_complex
pseudomonas_aeruginosa,sal_maewur2c3,barmm,marawi_city,apmc,effluent_water_untreated,2,3,neg,,,,,,,r,r,r,,s,s,s,,,i,s,,,,,,,3.0,9.0,0.3333,2.0,0.0,0.0,0.0,0.0,0.0,2.0,2.0,2.0,0.0,0,0.0,0,0.0,0.0,1.0,0.0,0.0,0.0,0.0,0.0,0.0,0.0,1,pseudomonas_aeruginosa
escherichia_coli,ec_maewur1c1,barmm,marawi_city,apmc,effluent_water_untreated,1,1,neg,r,i,s,s,s,s,s,s,s,s,s,s,s,s,,s,s,s,s,s,s,s,r,2.0,22.0,0.0909,2.0,1.0,0.0,0.0,0.0,0.0,0.0,0.0,0.0,0.0,0,0.0,0,0.0,0.0,0.0,0.0,0.0,0.0,0.0,0.0,0.0,2.0,0,escherichia_coli
escherichia_coli,ec_oldwr3c17,region_viii_eastern_visayas,ormoc,larrazabal,drinking_water,3,17,neg,s,s,s,s,s,s,s,s,s,s,s,s,s,s,,s,s,s,s,s,s,s,s,0.0,22.0,0.0,0.0,0.0,0.0,0.0,0.0,0.0,0.0,0.0,0.0,0.0,0,0.0,0,0.0,0.0,0.0,0.0,0.0,0.0,0.0,0.0,0.0,0.0,0,escherichia_coli
escherichia_coli,ec_mkftr1c9,barmm,marawi_city,tuca_kialdan,fish_tilapia,1,9,neg,r,s,s,s,i,s,s,s,s,s,s,s,s,s,,i,s,s,i,r,s,s,s,2.0,22.0,0.0909,2.0,0.0,0.0,0.0,1.0,0.0,0.0,0.0,0.0,0.0,0,0.0,0,0.0,0.0,1.0,0.0,0.0,1.0,2.0,0.0,0.0,0.0,0,escherichia_coli
enterobacter_cloacae_complex,vc_mkdwr1c5,barmm,marawi_city,tuca_kialdan,drinking_water,1,5,,,r,,r,r,s,,s,s,s,s,s,s,s,,s,s,s,s,s,r,i,s,4.0,19.0,0.2105,2.0,2.0,0.0,2.0,2.0,0.0,0.0,0.0,0.0,0.0,0,0.0,0,0.0,0.0,0.0,0.0,0.0,0.0,0.0,2.0,1.0,0.0,0,enterobacter_cloacae_complex
enterobacter_aerogenes,ec_mkfkr3c11,barmm,marawi_city,tuca_kialdan,fish_kaolang,3,11,,,s,,s,s,s,,s,s,s,s,s,s,s,,s,s,s,s,s,i,s,s,0.0,19.0,0.0,2.0,0.0,0.0,0.0,0.0,0.0,0.0,0.0,0.0,0.0,0,0.0,0,0.0,0.0,0.0,0.0,0.0,0.0,0.0,1.0,0.0,0.0,0,enterobacter_aerogenes
escherichia_coli,ec_mdftr1c15,barmm,marawi_city,dayawan,fish_tilapia,1,15,neg,s,s,s,s,s,s,s,s,s,s,s,s,s,s,,s,s,s,s,s,s,i,s,0.0,22.0,0.0,0.0,0.0,0.0,0.0,0.0,0.0,0.0,0.0,0.0,0.0,0,0.0,0,0.0,0.0,0.0,0.0,0.0,0.0,0.0,0.0,1.0,0.0,0,escherichia_coli
klebsiella_pneumoniae_ssp_pneumoniae,ec_mrftr2c3,barmm,marawi_city,gadongan,fish_tilapia,2,3,neg,r,s,s,s,s,s,s,s,s,s,s,s,s,s,,s,s,s,s,s,s,s,s,1.0,22.0,0.0455,2.0,0.0,0.0,0.0,0.0,0.0,0.0,0.0,0.0,0.0,0,0.0,0,0.0,0.0,0.0,0.0,0.0,0.0,0.0,0.0,0.0,0.0,0,klebsiella_pneumoniae_ssp_pneumoniae
klebsiella_pneumoniae_ssp_pneumoniae,ec_mrdwr1c1,barmm,marawi_city,gadongan,drinking_water,1,1,neg,r,s,s,s,s,s,s,s,s,s,s,s,i,s,,s,s,s,r,r,i,r,r,5.0,22.0,0.2273,2.0,0.0,0.0,0.0,0.0,0.0,0.0,0.0,0.0,0.0,0,0.0,1,0.0,0.0,0.0,0.0,0.0,2.0,2.0,1.0,2.0,2.0,0,klebsiella_pneumoniae_ssp_pneumoniae
escherichia_coli,ec_mkdwr2c9,barmm,marawi_city,tuca_kialdan,drinking_water,2,9,neg,r,s,s,s,s,s,s,s,s,s,s,s,s,s,,s,s,s,r,r,s,s,s,3.0,22.0,0.1364,2.0,0.0,0.0,0.0,0.0,0.0,0.0,0.0,0.0,0.0,0,0.0,0,0.0,0.0,0.0,0.0,0.0,2.0,2.0,0.0,0.0,0.0,0,escherichia_coli
klebsiella_pneumoniae_ssp_pneumoniae,ec_mkfkr2c2,barmm,marawi_city,tuca_kialdan,fish_kaolang,2,2,neg,r,s,s,s,s,s,s,s,s,s,s,s,s,s,,s,s,s,s,s,i,s,s,1.0,22.0,0.0455,2.0,0.0,0.0,0.0,0.0,0.0,0.0,0.0,0.0,0.0,0,0.0,0,0.0,0.0,0.0,0.0,0.0,0.0,0.0,1.0,0.0,0.0,0,klebsiella_pneumoniae_ssp_pneumoniae
enterobacter_cloacae_complex,ec_oadwr1c4,region_viii_eastern_visayas,ormoc,alegria,drinking_water,1,4,,,r,,r,r,s,s,s,s,s,i,s,s,s,,i,s,i,s,s,s,s,s,3.0,20.0,0.15,2.0,2.0,0.0,2.0,2.0,0.0,0.0,0.0,0.0,0.0,1,0.0,0,0.0,0.0,1.0,0.0,1.0,0.0,0.0,0.0,0.0,0.0,0,enterobacter_cloacae_complex
escherichia_coli,saloldwr2c3,region_viii_eastern_visayas,ormoc,larrazabal,drinking_water,2,3,neg,s,s,s,s,s,s,s,s,s,s,s,s,s,s,,s,s,s,s,r,s,s,s,1.0,22.0,0.0455,0.0,0.0,0.0,0.0,0.0,0.0,0.0,0.0,0.0,0.0,0,0.0,0,0.0,0.0,0.0,0.0,0.0,0.0,2.0,0.0,0.0,0.0,0,escherichia_coli
enterobacter_cloacae_complex,ec_prdwr3c3,region_iii_central_luzon,pampanga,san_roque,drinking_water,3,3,,,r,,r,r,s,s,s,s,s,s,s,s,s,,s,s,s,s,s,i,s,s,3.0,20.0,0.15,2.0,2.0,0.0,2.0,2.0,0.0,0.0,0.0,0.0,0.0,0,0.0,0,0.0,0.0,0.0,0.0,0.0,0.0,0.0,1.0,0.0,0.0,0,enterobacter_cloacae_complex
klebsiella_pneumoniae_ssp_pneumoniae,ec_mrfkr2c2,barmm,marawi_city,gadongan,fish_kaolang,2,2,neg,r,r,,r,r,r,,r,r,,r,s,s,s,,i,s,s,r,r,i,s,r,11.0,22.0,0.5,2.0,2.0,0.0,2.0,2.0,2.0,0.0,2.0,2.0,0.0,2,0.0,0,0.0,0.0,1.0,0.0,0.0,2.0,2.0,1.0,0.0,2.0,1,klebsiella_pneumoniae_ssp_pneumoniae
klebsiella_pneumoniae_ssp_pneumoniae,ec_pgdwr3c1,region_iii_central_luzon,pampanga,san_gabriel,drinking_water,3,1,neg,r,s,s,s,s,s,s,s,s,s,s,s,s,s,,s,s,s,s,s,s,s,s,1.0,22.0,0.0455,2.0,0.0,0.0,0.0,0.0,0.0,0.0,0.0,0.0,0.0,0,0.0,0,0.0,0.0,0.0,0.0,0.0,0.0,0.0,0.0,0.0,0.0,0,klebsiella_pneumoniae_ssp_pneumoniae
klebsiella_pneumoniae_ssp_pneumoniae,ec_oarwr2c5,region_viii_eastern_visayas,ormoc,alegria,river_water,2,5,neg,r,s,s,s,s,s,s,s,s,s,s,s,s,s,,s,s,s,s,s,s,s,s,1.0,22.0,0.0455,2.0,0.0,0.0,0.0,0.0,0.0,0.0,0.0,0.0,0.0,0,0.0,0,0.0,0.0,0.0,0.0,0.0,0.0,0.0,0.0,0.0,0.0,0,klebsiella_pneumoniae_ssp_pneumoniae
escherichia_coli,vcprrwr1c7,region_iii_central_luzon,pampanga,san_roque,river_water,1,7,neg,r,s,s,s,s,s,s,s,i,s,s,s,s,s,,s,s,s,i,r,s,s,s,2.0,22.0,0.0909,2.0,0.0,0.0,0.0,0.0,0.0,0.0,0.0,1.0,0.0,0,0.0,0,0.0,0.0,0.0,0.0,0.0,1.0,2.0,0.0,0.0,0.0,0,escherichia_coli
escherichia_coli,ec_maewur3c28,barmm,marawi_city,apmc,effluent_water_untreated,3,28,neg,s,s,s,s,s,s,s,s,s,s,s,s,s,s,,s,s,s,s,s,s,s,s,0.0,22.0,0.0,0.0,0.0,0.0,0.0,0.0,0.0,0.0,0.0,0.0,0.0,0,0.0,0,0.0,0.0,0.0,0.0,0.0,0.0,0.0,0.0,0.0,0.0,0,escherichia_coli
escherichia_coli,ec_oldwr3c1,region_viii_eastern_visayas,ormoc,larrazabal,drinking_water,3,1,neg,s,s,s,s,s,s,s,s,s,s,s,s,s,s,,s,s,s,s,s,s,s,s,0.0,22.0,0.0,0.0,0.0,0.0,0.0,0.0,0.0,0.0,0.0,0.0,0.0,0,0.0,0,0.0,0.0,0.0,0.0,0.0,0.0,0.0,0.0,0.0,0.0,0,escherichia_coli
escherichia_coli,ec_mrftr2c7,barmm,marawi_city,gadongan,fish_tilapia,2,7,neg,s,s,s,s,i,s,s,s,s,s,s,s,s,s,,s,s,s,s,s,s,s,s,0.0,22.0,0.0,0.0,0.0,0.0,0.0,1.0,0.0,0.0,0.0,0.0,0.0,0,0.0,0,0.0,0.0,0.0,0.0,0.0,0.0,0.0,0.0,0.0,0.0,0,escherichia_coli
escherichia_coli,ec_maewur2c16,barmm,marawi_city,apmc,effluent_water_untreated,2,16,neg,s,s,s,s,s,s,s,s,s,s,s,s,s,s,,s,s,s,s,s,s,s,s,0.0,22.0,0.0,0.0,0.0,0.0,0.0,0.0,0.0,0.0,0.0,0.0,0.0,0,0.0,0,0.0,0.0,0.0,0.0,0.0,0.0,0.0,0.0,0.0,0.0,0,escherichia_coli
escherichia_coli,ec_prftr1c10,region_iii_central_luzon,pampanga,san_roque,fish_tilapia,1,10,neg,s,s,s,s,s,s,s,s,s,s,s,s,s,s,,s,s,s,s,s,s,s,s,0.0,22.0,0.0,0.0,0.0,0.0,0.0,0.0,0.0,0.0,0.0,0.0,0.0,0,0.0,0,0.0,0.0,0.0,0.0,0.0,0.0,0.0,0.0,0.0,0.0,0,escherichia_coli
escherichia_coli,ec_oafgr2c5,region_viii_eastern_visayas,ormoc,alegria,fish_gusaw,2,5,neg,s,s,s,s,s,s,s,s,s,s,s,s,s,s,,s,s,s,r,s,s,s,s,1.0,22.0,0.0455,0.0,0.0,0.0,0.0,0.0,0.0,0.0,0.0,0.0,0.0,0,0.0,0,0.0,0.0,0.0,0.0,0.0,2.0,0.0,0.0,0.0,0.0,0,escherichia_coli
salmonella_group,salpgrwr1c3,region_iii_central_luzon,pampanga,san_gabriel,river_water,1,3,,s,s,s,r,r,s,s,s,s,s,s,r,r,s,,s,s,s,s,s,s,s,s,4.0,22.0,0.1818,0.0,0.0,0.0,2.0,2.0,0.0,0.0,0.0,0.0,0.0,0,2.0,2,0.0,0.0,0.0,0.0,0.0,0.0,0.0,0.0,0.0,0.0,0,salmonella_group
enterobacter_cloacae_complex,ec_mkftr3c3,barmm,marawi_city,tuca_kialdan,fish_tilapia,3,3,,,r,,r,r,s,s,s,s,s,s,s,s,s,,s,s,s,s,s,s,s,s,3.0,20.0,0.15,2.0,2.0,0.0,2.0,2.0,0.0,0.0,0.0,0.0,0.0,0,0.0,0,0.0,0.0,0.0,0.0,0.0,0.0,0.0,0.0,0.0,0.0,0,enterobacter_cloacae_complex
salmonella_group,salpgfgr3c10,region_iii_central_luzon,pampanga,san_gabriel,fish_gusaw,3,10,,s,s,s,r,r,s,s,s,s,s,s,r,r,s,,s,s,s,s,s,s,s,s,4.0,22.0,0.1818,0.0,0.0,0.0,2.0,2.0,0.0,0.0,0.0,0.0,0.0,0,2.0,2,0.0,0.0,0.0,0.0,0.0,0.0,0.0,0.0,0.0,0.0,0,salmonella_group
escherichia_coli,sal_mkfkr2c1,barmm,marawi_city,tuca_kialdan,fish_kaolang,2,1,neg,s,s,s,s,i,s,s,s,s,s,s,s,s,s,,s,s,s,s,s,s,i,s,0.0,22.0,0.0,0.0,0.0,0.0,0.0,1.0,0.0,0.0,0.0,0.0,0.0,0,0.0,0,0.0,0.0,0.0,0.0,0.0,0.0,0.0,0.0,1.0,0.0,0,escherichia_coli
enterobacter_cloacae_complex,vc_mkdwr2c1,barmm,marawi_city,tuca_kialdan,drinking_water,2,1,,,r,,r,r,s,s,i,s,s,s,s,s,s,,s,s,s,s,s,i,s,s,3.0,20.0,0.15,2.0,2.0,0.0,2.0,2.0,0.0,0.0,1.0,0.0,0.0,0,0.0,0,0.0,0.0,0.0,0.0,0.0,0.0,0.0,1.0,0.0,0.0,0,enterobacter_cloacae_complex
klebsiella_pneumoniae_ssp_ozaenae,ec_mkdwr3c8,barmm,marawi_city,tuca_kialdan,drinking_water,3,8,neg,r,s,s,s,s,s,s,s,s,s,s,s,s,s,,s,s,s,s,s,s,s,s,1.0,22.0,0.0455,2.0,0.0,0.0,0.0,0.0,0.0,0.0,0.0,0.0,0.0,0,0.0,0,0.0,0.0,0.0,0.0,0.0,0.0,0.0,0.0,0.0,0.0,0,other
escherichia_coli,ec_mdftr2c8,barmm,marawi_city,dayawan,fish_tilapia,2,8,neg,r,s,s,s,s,s,s,s,s,s,s,s,s,s,,s,s,s,r,i,s,s,s,2.0,22.0,0.0909,2.0,0.0,0.0,0.0,0.0,0.0,0.0,0.0,0.0,0.0,0,0.0,0,0.0,0.0,0.0,0.0,0.0,2.0,1.0,0.0,0.0,0.0,0,escherichia_coli
escherichia_coli,ec_mdftr2c6,barmm,marawi_city,dayawan,fish_tilapia,2,6,neg,s,s,s,s,s,s,s,s,s,s,s,s,s,s,,s,s,s,s,s,s,s,s,0.0,22.0,0.0,0.0,0.0,0.0,0.0,0.0,0.0,0.0,0.0,0.0,0.0,0,0.0,0,0.0,0.0,0.0,0.0,0.0,0.0,0.0,0.0,0.0,0.0,0,escherichia_coli
klebsiella_pneumoniae_ssp_pneumoniae,ec_mdlwr2c8,barmm,marawi_city,dayawan,lake_water,2,8,neg,r,s,s,s,s,s,s,s,s,s,s,s,s,s,,s,s,s,s,s,s,s,s,1.0,22.0,0.0455,2.0,0.0,0.0,0.0,0.0,0.0,0.0,0.0,0.0,0.0,0,0.0,0,0.0,0.0,0.0,0.0,0.0,0.0,0.0,0.0,0.0,0.0,0,klebsiella_pneumoniae_ssp_pneumoniae
escherichia_coli,ec_mrlwr2c7,barmm,marawi_city,gadongan,lake_water,2,7,neg,r,r,,s,r,s,,s,s,,s,s,s,s,,s,s,s,s,s,s,s,s,3.0,19.0,0.1579,2.0,2.0,0.0,0.0,2.0,0.0,0.0,0.0,0.0,0.0,0,0.0,0,0.0,0.0,0.0,0.0,0.0,0.0,0.0,0.0,0.0,0.0,0,escherichia_coli
escherichia_coli,ec_mkftr3c1,barmm,marawi_city,tuca_kialdan,fish_tilapia,3,1,neg,s,s,s,s,i,s,s,s,s,s,s,s,s,s,,s,s,s,r,r,s,s,s,2.0,22.0,0.0909,0.0,0.0,0.0,0.0,1.0,0.0,0.0,0.0,0.0,0.0,0,0.0,0,0.0,0.0,0.0,0.0,0.0,2.0,2.0,0.0,0.0,0.0,0,escherichia_coli
escherichia_coli,ec_oarwr1c9,region_viii_eastern_visayas,ormoc,alegria,river_water,1,9,neg,s,s,s,s,s,s,s,s,s,s,s,s,s,s,,s,s,s,s,s,s,s,s,0.0,22.0,0.0,0.0,0.0,0.0,0.0,0.0,0.0,0.0,0.0,0.0,0.0,0,0.0,0,0.0,0.0,0.0,0.0,0.0,0.0,0.0,0.0,0.0,0.0,0,escherichia_coli
klebsiella_pneumoniae_ssp_pneumoniae,ec_olfbr3c13,region_viii_eastern_visayas,ormoc,larrazabal,fish_banak,3,13,neg,r,s,s,s,s,s,s,s,s,s,s,s,s,s,,s,s,s,s,s,s,s,s,1.0,22.0,0.0455,2.0,0.0,0.0,0.0,0.0,0.0,0.0,0.0,0.0,0.0,0,0.0,0,0.0,0.0,0.0,0.0,0.0,0.0,0.0,0.0,0.0,0.0,0,klebsiella_pneumoniae_ssp_pneumoniae
escherichia_coli,ec_maewur3c4,barmm,marawi_city,apmc,effluent_water_untreated,3,4,neg,s,s,s,s,s,s,s,s,s,s,s,s,s,s,,s,s,s,s,s,s,s,s,0.0,22.0,0.0,0.0,0.0,0.0,0.0,0.0,0.0,0.0,0.0,0.0,0.0,0,0.0,0,0.0,0.0,0.0,0.0,0.0,0.0,0.0,0.0,0.0,0.0,0,escherichia_coli
klebsiella_pneumoniae_ssp_pneumoniae,ec_maewur3c15,barmm,marawi_city,apmc,effluent_water_untreated,3,15,neg,r,s,s,s,s,s,s,s,s,s,s,s,s,s,,s,s,s,s,s,s,s,s,1.0,22.0,0.0455,2.0,0.0,0.0,0.0,0.0,0.0,0.0,0.0,0.0,0.0,0,0.0,0,0.0,0.0,0.0,0.0,0.0,0.0,0.0,0.0,0.0,0.0,0,klebsiella_pneumoniae_ssp_pneumoniae
klebsiella_pneumoniae_ssp_ozaenae,ec_oafgr1c16,region_viii_eastern_visayas,ormoc,alegria,fish_gusaw,1,16,neg,r,s,s,s,s,s,s,s,s,s,s,s,s,s,,s,s,s,s,s,s,s,s,1.0,22.0,0.0455,2.0,0.0,0.0,0.0,0.0,0.0,0.0,0.0,0.0,0.0,0,0.0,0,0.0,0.0,0.0,0.0,0.0,0.0,0.0,0.0,0.0,0.0,0,other
klebsiella_pneumoniae_ssp_pneumoniae,ec_mkftr1c15,barmm,marawi_city,tuca_kialdan,fish_tilapia,1,15,neg,r,i,s,r,r,s,,s,s,s,s,s,s,s,,s,s,s,r,r,i,s,s,5.0,21.0,0.2381,2.0,1.0,0.0,2.0,2.0,0.0,0.0,0.0,0.0,0.0,0,0.0,0,0.0,0.0,0.0,0.0,0.0,2.0,2.0,1.0,0.0,0.0,0,klebsiella_pneumoniae_ssp_pneumoniae
escherichia_coli,ec_olfbr3c11,region_viii_eastern_visayas,ormoc,larrazabal,fish_banak,3,11,neg,s,s,s,s,s,s,s,s,s,s,s,s,s,s,,s,s,s,s,s,s,s,s,0.0,22.0,0.0,0.0,0.0,0.0,0.0,0.0,0.0,0.0,0.0,0.0,0.0,0,0.0,0,0.0,0.0,0.0,0.0,0.0,0.0,0.0,0.0,0.0,0.0,0,escherichia_coli
klebsiella_pneumoniae_ssp_pneumoniae,ec_mdftr3c8,barmm,marawi_city,dayawan,fish_tilapia,3,8,neg,r,s,s,r,r,s,s,s,s,s,s,s,s,s,,i,s,i,r,r,s,s,r,6.0,22.0,0.2727,2.0,0.0,0.0,2.0,2.0,0.0,0.0,0.0,0.0,0.0,0,0.0,0,0.0,0.0,1.0,0.0,1.0,2.0,2.0,0.0,0.0,2.0,0,klebsiella_pneumoniae_ssp_pneumoniae
klebsiella_pneumoniae_ssp_pneumoniae,ec_pgrwr1c4,region_iii_central_luzon,pampanga,san_gabriel,river_water,1,4,neg,r,s,s,s,s,s,s,s,s,s,s,s,s,s,,s,s,s,s,s,s,s,s,1.0,22.0,0.0455,2.0,0.0,0.0,0.0,0.0,0.0,0.0,0.0,0.0,0.0,0,0.0,0,0.0,0.0,0.0,0.0,0.0,0.0,0.0,0.0,0.0,0.0,0,klebsiella_pneumoniae_ssp_pneumoniae
salmonella_group,salprdwr3c10,region_iii_central_luzon,pampanga,san_roque,drinking_water,3,10,,s,s,s,r,r,s,s,s,s,s,s,r,r,s,,s,s,s,s,s,s,s,s,4.0,22.0,0.1818,0.0,0.0,0.0,2.0,2.0,0.0,0.0,0.0,0.0,0.0,0,2.0,2,0.0,0.0,0.0,0.0,0.0,0.0,0.0,0.0,0.0,0.0,0,salmonella_group
escherichia_coli,ec_maewtr2c5,barmm,marawi_city,apmc,effluent_water_treated,2,5,neg,s,s,s,s,s,s,s,s,s,s,s,s,s,s,,s,s,s,s,s,s,s,s,0.0,22.0,0.0,0.0,0.0,0.0,0.0,0.0,0.0,0.0,0.0,0.0,0.0,0,0.0,0,0.0,0.0,0.0,0.0,0.0,0.0,0.0,0.0,0.0,0.0,0,escherichia_coli
enterobacter_cloacae_complex,ec_prfgr1c12,region_iii_central_luzon,pampanga,san_roque,fish_gusaw,1,12,,,r,,r,r,s,s,s,s,s,s,s,s,s,,s,s,s,s,s,i,s,s,3.0,20.0,0.15,2.0,2.0,0.0,2.0,2.0,0.0,0.0,0.0,0.0,0.0,0,0.0,0,0.0,0.0,0.0,0.0,0.0,0.0,0.0,1.0,0.0,0.0,0,enterobacter_cloacae_complex
escherichia_coli,ec_olfbr3c10,region_viii_eastern_visayas,ormoc,larrazabal,fish_banak,3,10,neg,r,s,s,s,s,s,s,s,s,s,s,s,s,s,,i,s,s,r,r,i,s,r,4.0,22.0,0.1818,2.0,0.0,0.0,0.0,0.0,0.0,0.0,0.0,0.0,0.0,0,0.0,0,0.0,0.0,1.0,0.0,0.0,2.0,2.0,1.0,0.0,2.0,0,escherichia_coli
salmonella_group,saloldwr3c1,region_viii_eastern_visayas,ormoc,larrazabal,drinking_water,3,1,,r,s,s,r,s,s,s,s,s,s,s,r,r,s,,s,s,s,s,s,s,s,s,4.0,22.0,0.1818,2.0,0.0,0.0,2.0,0.0,0.0,0.0,0.0,0.0,0.0,0,2.0,2,0.0,0.0,0.0,0.0,0.0,0.0,0.0,0.0,0.0,0.0,0,salmonella_group
escherichia_coli,ec_oafgr3c1,region_viii_eastern_visayas,ormoc,alegria,fish_gusaw,3,1,neg,s,s,s,s,s,s,s,s,s,s,s,s,s,s,,s,s,s,s,s,s,s,s,0.0,22.0,0.0,0.0,0.0,0.0,0.0,0.0,0.0,0.0,0.0,0.0,0.0,0,0.0,0,0.0,0.0,0.0,0.0,0.0,0.0,0.0,0.0,0.0,0.0,0,escherichia_coli
escherichia_coli,ec_oarwr1c3,region_viii_eastern_visayas,ormoc,alegria,river_water,1,3,neg,s,s,s,s,s,s,s,s,s,s,s,s,s,s,,s,s,s,s,s,s,s,s,0.0,22.0,0.0,0.0,0.0,0.0,0.0,0.0,0.0,0.0,0.0,0.0,0.0,0,0.0,0,0.0,0.0,0.0,0.0,0.0,0.0,0.0,0.0,0.0,0.0,0,escherichia_coli
klebsiella_pneumoniae_ssp_pneumoniae,ec_mkdwr3c1,barmm,marawi_city,tuca_kialdan,drinking_water,3,1,pos,r,s,r,r,r,r,,r,r,s,s,s,s,s,,i,s,s,s,s,i,s,r,8.0,21.0,0.381,2.0,0.0,2.0,2.0,2.0,2.0,0.0,2.0,2.0,0.0,0,0.0,0,0.0,0.0,1.0,0.0,0.0,0.0,0.0,1.0,0.0,2.0,1,klebsiella_pneumoniae_ssp_pneumoniae
klebsiella_pneumoniae_ssp_pneumoniae,ec_mdlwr1c6,barmm,marawi_city,dayawan,lake_water,1,6,neg,r,s,s,s,s,s,s,s,s,s,s,s,s,s,,s,s,s,s,s,i,s,s,1.0,22.0,0.0455,2.0,0.0,0.0,0.0,0.0,0.0,0.0,0.0,0.0,0.0,0,0.0,0,0.0,0.0,0.0,0.0,0.0,0.0,0.0,1.0,0.0,0.0,0,klebsiella_pneumoniae_ssp_pneumoniae
enterobacter_cloacae_complex,vcolfbr2c1,region_viii_eastern_visayas,ormoc,larrazabal,fish_banak,2,1,neg,,r,,r,r,s,,i,s,s,s,s,s,s,,s,s,s,s,s,s,i,s,3.0,19.0,0.1579,2.0,2.0,0.0,2.0,2.0,0.0,0.0,1.0,0.0,0.0,0,0.0,0,0.0,0.0,0.0,0.0,0.0,0.0,0.0,0.0,1.0,0.0,0,enterobacter_cloacae_complex
escherichia_coli,ec_mdftr2c7,barmm,marawi_city,dayawan,fish_tilapia,2,7,neg,s,s,s,s,i,s,s,s,s,s,s,s,s,s,,s,s,s,s,s,s,s,s,0.0,22.0,0.0,0.0,0.0,0.0,0.0,1.0,0.0,0.0,0.0,0.0,0.0,0,0.0,0,0.0,0.0,0.0,0.0,0.0,0.0,0.0,0.0,0.0,0.0,0,escherichia_coli
klebsiella_pneumoniae_ssp_pneumoniae,ec_mkdwr3c6,barmm,marawi_city,tuca_kialdan,drinking_water,3,6,neg,r,s,s,s,s,s,s,s,s,s,s,s,s,s,,s,s,s,s,s,s,s,s,1.0,22.0,0.0455,2.0,0.0,0.0,0.0,0.0,0.0,0.0,0.0,0.0,0.0,0,0.0,0,0.0,0.0,0.0,0.0,0.0,0.0,0.0,0.0,0.0,0.0,0,klebsiella_pneumoniae_ssp_pneumoniae
klebsiella_pneumoniae_ssp_pneumoniae,ec_mklwr2c6,barmm,marawi_city,tuca_kialdan,lake_water,2,6,neg,r,r,,r,r,r,,r,r,s,s,s,s,s,,i,s,i,r,r,i,s,r,10.0,20.0,0.5,2.0,2.0,0.0,2.0,2.0,2.0,0.0,2.0,2.0,0.0,0,0.0,0,0.0,0.0,1.0,0.0,1.0,2.0,2.0,1.0,0.0,2.0,1,klebsiella_pneumoniae_ssp_pneumoniae
escherichia_coli,sal_mdftr3c6,barmm,marawi_city,dayawan,fish_tilapia,3,6,pos,r,s,r,r,r,i,,r,r,s,s,s,s,i,,r,r,r,r,r,s,s,r,11.0,21.0,0.5238,2.0,0.0,2.0,2.0,2.0,1.0,0.0,2.0,2.0,0.0,0,0.0,0,1.0,0.0,2.0,2.0,2.0,2.0,2.0,0.0,0.0,2.0,1,escherichia_coli
enterobacter_aerogenes,ec_pgftr3c5,region_iii_central_luzon,pampanga,san_gabriel,fish_tilapia,3,5,,,r,s,r,r,s,s,s,s,s,s,s,s,s,,s,s,s,s,s,i,s,s,3.0,21.0,0.1429,2.0,2.0,0.0,2.0,2.0,0.0,0.0,0.0,0.0,0.0,0,0.0,0,0.0,0.0,0.0,0.0,0.0,0.0,0.0,1.0,0.0,0.0,0,enterobacter_aerogenes
klebsiella_pneumoniae_ssp_pneumoniae,ec_pgdwr2c3,region_iii_central_luzon,pampanga,san_gabriel,drinking_water,2,3,neg,r,s,s,s,s,s,s,s,s,s,s,s,s,s,,s,s,s,s,s,s,s,s,1.0,22.0,0.0455,2.0,0.0,0.0,0.0,0.0,0.0,0.0,0.0,0.0,0.0,0,0.0,0,0.0,0.0,0.0,0.0,0.0,0.0,0.0,0.0,0.0,0.0,0,klebsiella_pneumoniae_ssp_pneumoniae
enterobacter_cloacae_complex,ec_mkfkr2c4,barmm,marawi_city,tuca_kialdan,fish_kaolang,2,4,,,s,,s,s,s,,s,s,,s,s,s,s,,s,s,s,s,s,s,s,s,0.0,18.0,0.0,2.0,0.0,0.0,0.0,0.0,0.0,0.0,0.0,0.0,0.0,0,0.0,0,0.0,0.0,0.0,0.0,0.0,0.0,0.0,0.0,0.0,0.0,0,enterobacter_cloacae_complex
klebsiella_pneumoniae_ssp_pneumoniae,ec_pgfgr3c12,region_iii_central_luzon,pampanga,san_gabriel,fish_gusaw,3,12,neg,r,s,s,s,s,s,s,s,s,s,s,s,s,s,,s,s,s,s,s,i,s,s,1.0,22.0,0.0455,2.0,0.0,0.0,0.0,0.0,0.0,0.0,0.0,0.0,0.0,0,0.0,0,0.0,0.0,0.0,0.0,0.0,0.0,0.0,1.0,0.0,0.0,0,klebsiella_pneumoniae_ssp_pneumoniae
escherichia_coli,ec_oafgr3c8,region_viii_eastern_visayas,ormoc,alegria,fish_gusaw,3,8,neg,s,s,s,s,s,s,s,s,s,s,s,s,s,s,,s,s,s,s,s,s,s,s,0.0,22.0,0.0,0.0,0.0,0.0,0.0,0.0,0.0,0.0,0.0,0.0,0.0,0,0.0,0,0.0,0.0,0.0,0.0,0.0,0.0,0.0,0.0,0.0,0.0,0,escherichia_coli
klebsiella_pneumoniae_ssp_pneumoniae,ec_mkftr1c13,barmm,marawi_city,tuca_kialdan,fish_tilapia,1,13,pos,r,s,,r,r,s,,i,i,,s,s,s,s,,s,s,s,s,s,s,s,s,3.0,19.0,0.1579,2.0,0.0,0.0,2.0,2.0,0.0,0.0,1.0,1.0,0.0,0,0.0,0,0.0,0.0,0.0,0.0,0.0,0.0,0.0,0.0,0.0,0.0,0,klebsiella_pneumoniae_ssp_pneumoniae
escherichia_coli,ec_pgftr1c11,region_iii_central_luzon,pampanga,san_gabriel,fish_tilapia,1,11,neg,r,s,s,r,s,s,s,s,s,s,s,s,s,s,,s,s,s,r,r,s,s,s,4.0,22.0,0.1818,2.0,0.0,0.0,2.0,0.0,0.0,0.0,0.0,0.0,0.0,0,0.0,0,0.0,0.0,0.0,0.0,0.0,2.0,2.0,0.0,0.0,0.0,0,escherichia_coli
klebsiella_pneumoniae_ssp_pneumoniae,ec_olfgr1c10,region_viii_eastern_visayas,ormoc,larrazabal,fish_gusaw,1,10,neg,r,s,s,,s,s,,,,s,s,s,s,s,,,s,s,,s,s,s,s,1.0,16.0,0.0625,2.0,0.0,0.0,0.0,0.0,0.0,0.0,0.0,0.0,0.0,0,0.0,0,0.0,0.0,0.0,0.0,0.0,0.0,0.0,0.0,0.0,0.0,0,klebsiella_pneumoniae_ssp_pneumoniae
klebsiella_pneumoniae_ssp_pneumoniae,ec_maewur1c7,barmm,marawi_city,apmc,effluent_water_untreated,1,7,neg,r,s,s,s,s,s,s,s,s,s,s,s,s,s,,s,s,s,s,s,s,s,s,1.0,22.0,0.0455,2.0,0.0,0.0,0.0,0.0,0.0,0.0,0.0,0.0,0.0,0,0.0,0,0.0,0.0,0.0,0.0,0.0,0.0,0.0,0.0,0.0,0.0,0,klebsiella_pneumoniae_ssp_pneumoniae
enterobacter_aerogenes,ec_mdftr2c14,barmm,marawi_city,dayawan,fish_tilapia,2,14,,,s,s,r,r,s,s,s,s,s,s,s,s,s,,i,s,s,r,r,s,s,s,5.0,19.0,0.2632,2.0,0.0,0.0,2.0,2.0,0.0,0.0,0.0,0.0,0.0,0,0.0,0,0.0,0.0,1.0,0.0,0.0,2.0,2.0,0.0,0.0,0.0,0,enterobacter_aerogenes
escherichia_coli,ec_mrlwr1c10,barmm,marawi_city,gadongan,lake_water,1,10,neg,s,s,s,s,i,s,s,s,s,s,s,s,s,s,,s,s,s,s,s,s,i,s,0.0,22.0,0.0,0.0,0.0,0.0,0.0,1.0,0.0,0.0,0.0,0.0,0.0,0,0.0,0,0.0,0.0,0.0,0.0,0.0,0.0,0.0,0.0,1.0,0.0,0,escherichia_coli
escherichia_coli,ec_olfbr2c9,region_viii_eastern_visayas,ormoc,larrazabal,fish_banak,2,9,neg,s,s,s,s,s,s,s,s,s,s,s,s,s,s,,s,s,s,s,s,s,s,s,0.0,22.0,0.0,0.0,0.0,0.0,0.0,0.0,0.0,0.0,0.0,0.0,0.0,0,0.0,0,0.0,0.0,0.0,0.0,0.0,0.0,0.0,0.0,0.0,0.0,0,escherichia_coli
escherichia_coli,ec_mrftr3c8,barmm,marawi_city,gadongan,fish_tilapia,3,8,neg,r,s,s,s,s,s,s,s,s,s,s,s,s,s,,s,s,s,s,s,s,s,s,1.0,22.0,0.0455,2.0,0.0,0.0,0.0,0.0,0.0,0.0,0.0,0.0,0.0,0,0.0,0,0.0,0.0,0.0,0.0,0.0,0.0,0.0,0.0,0.0,0.0,0,escherichia_coli
escherichia_coli,ec_maewur1c29,barmm,marawi_city,apmc,effluent_water_untreated,1,29,neg,r,s,s,s,s,s,s,s,s,s,s,s,s,s,,i,s,s,r,i,s,s,s,1.0,22.0,0.0455,2.0,0.0,0.0,0.0,0.0,0.0,0.0,0.0,0.0,0.0,0,0.0,0,0.0,0.0,1.0,0.0,0.0,2.0,1.0,0.0,0.0,0.0,0,escherichia_coli
escherichia_coli,salprrwr2c9,region_iii_central_luzon,pampanga,san_roque,river_water,2,9,neg,r,s,s,r,s,s,s,s,s,s,s,s,s,s,,i,s,s,r,r,s,r,r,6.0,22.0,0.2727,2.0,0.0,0.0,2.0,0.0,0.0,0.0,0.0,0.0,0.0,0,0.0,0,0.0,0.0,1.0,0.0,0.0,2.0,2.0,0.0,2.0,2.0,0,escherichia_coli
klebsiella_pneumoniae_ssp_pneumoniae,ec_mdfkr1c4,barmm,marawi_city,dayawan,fish_kaolang,1,4,neg,r,s,s,s,s,s,s,s,s,s,s,s,s,s,,s,s,s,s,s,i,s,s,1.0,22.0,0.0455,2.0,0.0,0.0,0.0,0.0,0.0,0.0,0.0,0.0,0.0,0,0.0,0,0.0,0.0,0.0,0.0,0.0,0.0,0.0,1.0,0.0,0.0,0,klebsiella_pneumoniae_ssp_pneumoniae
klebsiella_pneumoniae_ssp_pneumoniae,ec_mkftr2c7,barmm,marawi_city,tuca_kialdan,fish_tilapia,2,7,neg,r,s,s,s,s,s,,s,s,s,s,s,s,s,,s,s,s,r,r,s,s,r,4.0,22.0,0.1818,2.0,0.0,0.0,0.0,0.0,0.0,0.0,0.0,0.0,0.0,0,0.0,0,0.0,0.0,0.0,0.0,0.0,2.0,2.0,0.0,0.0,2.0,0,klebsiella_pneumoniae_ssp_pneumoniae
escherichia_coli,ec_olfgr1c1,region_viii_eastern_visayas,ormoc,larrazabal,fish_gusaw,1,1,neg,s,s,s,s,s,s,s,s,s,s,s,s,s,s,,s,s,s,s,s,s,i,s,0.0,22.0,0.0,0.0,0.0,0.0,0.0,0.0,0.0,0.0,0.0,0.0,0.0,0,0.0,0,0.0,0.0,0.0,0.0,0.0,0.0,0.0,0.0,1.0,0.0,0,escherichia_coli
klebsiella_pneumoniae_ssp_pneumoniae,ec_mkftr3c5,barmm,marawi_city,tuca_kialdan,fish_tilapia,3,5,neg,r,s,s,s,s,s,s,s,s,s,s,s,s,s,,s,s,s,s,s,i,s,s,1.0,22.0,0.0455,2.0,0.0,0.0,0.0,0.0,0.0,0.0,0.0,0.0,0.0,0,0.0,0,0.0,0.0,0.0,0.0,0.0,0.0,0.0,1.0,0.0,0.0,0,klebsiella_pneumoniae_ssp_pneumoniae
klebsiella_pneumoniae_ssp_pneumoniae,ec_mkfkr2c14,barmm,marawi_city,tuca_kialdan,fish_kaolang,2,14,neg,r,s,s,s,s,s,s,s,s,s,s,s,s,s,,s,s,s,s,s,s,s,s,1.0,22.0,0.0455,2.0,0.0,0.0,0.0,0.0,0.0,0.0,0.0,0.0,0.0,0,0.0,0,0.0,0.0,0.0,0.0,0.0,0.0,0.0,0.0,0.0,0.0,0,klebsiella_pneumoniae_ssp_pneumoniae
enterobacter_aerogenes,ec_pgrwr1c3,region_iii_central_luzon,pampanga,san_gabriel,river_water,1,3,,,r,s,r,r,s,s,s,s,s,s,s,s,s,,s,s,s,s,s,s,s,s,3.0,21.0,0.1429,2.0,2.0,0.0,2.0,2.0,0.0,0.0,0.0,0.0,0.0,0,0.0,0,0.0,0.0,0.0,0.0,0.0,0.0,0.0,0.0,0.0,0.0,0,enterobacter_aerogenes
enterobacter_aerogenes,ec_pgftr1c6,region_iii_central_luzon,pampanga,san_gabriel,fish_tilapia,1,6,,,r,s,r,r,s,s,s,s,s,s,s,s,s,,s,s,s,s,s,i,s,s,3.0,21.0,0.1429,2.0,2.0,0.0,2.0,2.0,0.0,0.0,0.0,0.0,0.0,0,0.0,0,0.0,0.0,0.0,0.0,0.0,0.0,0.0,1.0,0.0,0.0,0,enterobacter_aerogenes
escherichia_coli,ec_mkfkr1c8,barmm,marawi_city,tuca_kialdan,fish_kaolang,1,8,neg,s,s,s,s,s,s,s,s,s,s,s,s,s,s,,s,s,s,r,r,s,s,s,2.0,22.0,0.0909,0.0,0.0,0.0,0.0,0.0,0.0,0.0,0.0,0.0,0.0,0,0.0,0,0.0,0.0,0.0,0.0,0.0,2.0,2.0,0.0,0.0,0.0,0,escherichia_coli
klebsiella_pneumoniae_ssp_pneumoniae,ec_mrlwr2c11,barmm,marawi_city,gadongan,lake_water,2,11,neg,r,s,s,s,s,s,s,s,s,s,s,s,s,s,,s,s,s,s,s,i,s,s,1.0,22.0,0.0455,2.0,0.0,0.0,0.0,0.0,0.0,0.0,0.0,0.0,0.0,0,0.0,0,0.0,0.0,0.0,0.0,0.0,0.0,0.0,1.0,0.0,0.0,0,klebsiella_pneumoniae_ssp_pneumoniae
enterobacter_cloacae_complex,ec_pgfgr1c7,region_iii_central_luzon,pampanga,san_gabriel,fish_gusaw,1,7,,,r,,r,r,s,s,i,s,s,s,s,s,s,,s,s,s,s,s,i,s,s,3.0,20.0,0.15,2.0,2.0,0.0,2.0,2.0,0.0,0.0,1.0,0.0,0.0,0,0.0,0,0.0,0.0,0.0,0.0,0.0,0.0,0.0,1.0,0.0,0.0,0,enterobacter_cloacae_complex
klebsiella_pneumoniae_ssp_pneumoniae,ec_oadwr1c9,region_viii_eastern_visayas,ormoc,alegria,drinking_water,1,9,neg,r,s,s,s,s,s,s,s,s,s,s,s,s,s,,s,s,s,s,s,s,s,s,1.0,22.0,0.0455,2.0,0.0,0.0,0.0,0.0,0.0,0.0,0.0,0.0,0.0,0,0.0,0,0.0,0.0,0.0,0.0,0.0,0.0,0.0,0.0,0.0,0.0,0,klebsiella_pneumoniae_ssp_pneumoniae
escherichia_coli,ec_oarwr3c9,region_viii_eastern_visayas,ormoc,alegria,river_water,3,9,neg,s,s,s,s,s,s,s,s,s,s,s,s,s,s,,s,s,s,s,s,s,s,s,0.0,22.0,0.0,0.0,0.0,0.0,0.0,0.0,0.0,0.0,0.0,0.0,0.0,0,0.0,0,0.0,0.0,0.0,0.0,0.0,0.0,0.0,0.0,0.0,0.0,0,escherichia_coli
klebsiella_pneumoniae_ssp_pneumoniae,ec_oadwr1c6,region_viii_eastern_visayas,ormoc,alegria,drinking_water,1,6,neg,r,s,s,s,s,s,s,s,s,s,s,s,s,s,,s,s,s,s,s,i,s,s,1.0,22.0,0.0455,2.0,0.0,0.0,0.0,0.0,0.0,0.0,0.0,0.0,0.0,0,0.0,0,0.0,0.0,0.0,0.0,0.0,0.0,0.0,1.0,0.0,0.0,0,klebsiella_pneumoniae_ssp_pneumoniae
escherichia_coli,ec_mrftr3c6,barmm,marawi_city,gadongan,fish_tilapia,3,6,neg,r,r,,r,r,s,,s,s,s,s,s,s,s,,s,s,s,s,s,s,s,s,4.0,20.0,0.2,2.0,2.0,0.0,2.0,2.0,0.0,0.0,0.0,0.0,0.0,0,0.0,0,0.0,0.0,0.0,0.0,0.0,0.0,0.0,0.0,0.0,0.0,0,escherichia_coli
salmonella_group,salpgftr3c1,region_iii_central_luzon,pampanga,san_gabriel,fish_tilapia,3,1,,s,s,s,r,r,s,s,s,s,s,s,r,r,s,,s,s,s,s,s,s,s,s,4.0,22.0,0.1818,0.0,0.0,0.0,2.0,2.0,0.0,0.0,0.0,0.0,0.0,0,2.0,2,0.0,0.0,0.0,0.0,0.0,0.0,0.0,0.0,0.0,0.0,0,salmonella_group
escherichia_coli,ec_olfgr1c14,region_viii_eastern_visayas,ormoc,larrazabal,fish_gusaw,1,14,neg,s,s,,,s,s,s,,,s,s,s,s,s,,,s,s,,s,s,s,s,0.0,16.0,0.0,0.0,0.0,0.0,0.0,0.0,0.0,0.0,0.0,0.0,0.0,0,0.0,0,0.0,0.0,0.0,0.0,0.0,0.0,0.0,0.0,0.0,0.0,0,escherichia_coli
acinetobacter_baumannii,vc_mrdwr3c1,barmm,marawi_city,gadongan,drinking_water,3,1,,,,,,,,,r,r,,s,,s,,,s,s,,s,s,,,s,2.0,9.0,0.2222,2.0,0.0,0.0,0.0,0.0,0.0,0.0,2.0,2.0,0.0,0,0.0,0,0.0,0.0,0.0,0.0,0.0,0.0,0.0,0.0,0.0,0.0,0,other
klebsiella_pneumoniae_ssp_pneumoniae,ec_mdftr3c10,barmm,marawi_city,dayawan,fish_tilapia,3,10,neg,r,s,s,s,s,s,s,s,s,s,s,s,s,s,,i,s,i,r,r,i,s,r,4.0,22.0,0.1818,2.0,0.0,0.0,0.0,0.0,0.0,0.0,0.0,0.0,0.0,0,0.0,0,0.0,0.0,1.0,0.0,1.0,2.0,2.0,1.0,0.0,2.0,0,klebsiella_pneumoniae_ssp_pneumoniae
klebsiella_pneumoniae_ssp_pneumoniae,ec_maewur1c21,barmm,marawi_city,apmc,effluent_water_untreated,1,21,neg,r,s,s,s,s,s,s,s,s,s,s,s,s,s,,s,s,s,s,s,s,s,s,1.0,22.0,0.0455,2.0,0.0,0.0,0.0,0.0,0.0,0.0,0.0,0.0,0.0,0,0.0,0,0.0,0.0,0.0,0.0,0.0,0.0,0.0,0.0,0.0,0.0,0,klebsiella_pneumoniae_ssp_pneumoniae
klebsiella_pneumoniae_ssp_pneumoniae,ec_mdftr3c16,barmm,marawi_city,dayawan,fish_tilapia,3,16,neg,r,s,s,r,s,s,s,s,s,s,s,s,s,s,,s,s,s,s,s,s,s,s,2.0,22.0,0.0909,2.0,0.0,0.0,2.0,0.0,0.0,0.0,0.0,0.0,0.0,0,0.0,0,0.0,0.0,0.0,0.0,0.0,0.0,0.0,0.0,0.0,0.0,0,klebsiella_pneumoniae_ssp_pneumoniae
escherichia_coli,ec_mkdwr1c7,barmm,marawi_city,tuca_kialdan,drinking_water,1,7,neg,r,s,s,s,s,s,s,s,s,s,s,s,s,s,,s,s,s,r,r,s,s,s,3.0,22.0,0.1364,2.0,0.0,0.0,0.0,0.0,0.0,0.0,0.0,0.0,0.0,0,0.0,0,0.0,0.0,0.0,0.0,0.0,2.0,2.0,0.0,0.0,0.0,0,escherichia_coli
escherichia_coli,sgprfgr3c1,region_iii_central_luzon,pampanga,san_roque,fish_gusaw,3,1,,r,s,s,r,s,s,s,s,s,s,s,s,s,s,,s,s,s,r,r,s,s,s,4.0,22.0,0.1818,2.0,0.0,0.0,2.0,0.0,0.0,0.0,0.0,0.0,0.0,0,0.0,0,0.0,0.0,0.0,0.0,0.0,2.0,2.0,0.0,0.0,0.0,0,escherichia_coli
escherichia_coli,ec_olrwr2c6,region_viii_eastern_visayas,ormoc,larrazabal,river_water,2,6,neg,s,s,s,s,s,s,s,s,s,s,s,s,s,s,,s,s,s,s,s,s,s,s,0.0,22.0,0.0,0.0,0.0,0.0,0.0,0.0,0.0,0.0,0.0,0.0,0.0,0,0.0,0,0.0,0.0,0.0,0.0,0.0,0.0,0.0,0.0,0.0,0.0,0,escherichia_coli
klebsiella_pneumoniae_ssp_pneumoniae,ec_maewur2c5,barmm,marawi_city,apmc,effluent_water_untreated,2,5,neg,s,s,s,s,s,s,s,s,s,s,s,s,s,s,,s,s,s,s,s,s,s,s,0.0,22.0,0.0,0.0,0.0,0.0,0.0,0.0,0.0,0.0,0.0,0.0,0.0,0,0.0,0,0.0,0.0,0.0,0.0,0.0,0.0,0.0,0.0,0.0,0.0,0,klebsiella_pneumoniae_ssp_pneumoniae
escherichia_coli,ec_mklwr2c4,barmm,marawi_city,tuca_kialdan,lake_water,2,4,neg,s,s,s,s,s,s,s,s,s,s,s,s,s,s,,s,s,s,s,s,s,s,s,0.0,22.0,0.0,0.0,0.0,0.0,0.0,0.0,0.0,0.0,0.0,0.0,0.0,0,0.0,0,0.0,0.0,0.0,0.0,0.0,0.0,0.0,0.0,0.0,0.0,0,escherichia_coli
pseudomonas_aeruginosa,sg_maewur3c5,barmm,marawi_city,apmc,effluent_water_untreated,3,5,,,,,,,,r,r,r,,s,s,s,,,s,s,,,,,,,3.0,9.0,0.3333,2.0,0.0,0.0,0.0,0.0,0.0,2.0,2.0,2.0,0.0,0,0.0,0,0.0,0.0,0.0,0.0,0.0,0.0,0.0,0.0,0.0,0.0,1,pseudomonas_aeruginosa
escherichia_coli,ec_maewur3c27,barmm,marawi_city,apmc,effluent_water_untreated,3,27,neg,s,s,s,s,s,s,s,s,s,s,s,s,s,s,,s,s,s,s,s,s,s,s,0.0,22.0,0.0,0.0,0.0,0.0,0.0,0.0,0.0,0.0,0.0,0.0,0.0,0,0.0,0,0.0,0.0,0.0,0.0,0.0,0.0,0.0,0.0,0.0,0.0,0,escherichia_coli
klebsiella_pneumoniae_ssp_pneumoniae,vc_mrdwr1c1,barmm,marawi_city,gadongan,drinking_water,1,1,neg,r,s,s,s,s,s,s,s,s,s,s,s,s,s,,s,s,s,s,s,s,s,s,1.0,22.0,0.0455,2.0,0.0,0.0,0.0,0.0,0.0,0.0,0.0,0.0,0.0,0,0.0,0,0.0,0.0,0.0,0.0,0.0,0.0,0.0,0.0,0.0,0.0,0,klebsiella_pneumoniae_ssp_pneumoniae
enterobacter_cloacae_complex,vc_mrlwr3c5,barmm,marawi_city,gadongan,lake_water,3,5,,,r,,r,r,s,s,s,s,s,s,s,s,s,,s,s,s,s,s,s,s,s,3.0,20.0,0.15,2.0,2.0,0.0,2.0,2.0,0.0,0.0,0.0,0.0,0.0,0,0.0,0,0.0,0.0,0.0,0.0,0.0,0.0,0.0,0.0,0.0,0.0,0,enterobacter_cloacae_complex
escherichia_coli,ec_oafbr3c4,region_viii_eastern_visayas,ormoc,alegria,fish_banak,3,4,neg,s,s,s,s,s,s,s,s,s,s,s,s,s,s,,s,s,s,s,s,s,s,s,0.0,22.0,0.0,0.0,0.0,0.0,0.0,0.0,0.0,0.0,0.0,0.0,0.0,0,0.0,0,0.0,0.0,0.0,0.0,0.0,0.0,0.0,0.0,0.0,0.0,0,escherichia_coli
klebsiella_pneumoniae_ssp_pneumoniae,ec_mkftr3c13,barmm,marawi_city,tuca_kialdan,fish_tilapia,3,13,neg,r,s,s,s,s,s,s,s,s,s,s,s,s,s,,s,s,s,r,r,s,s,r,4.0,22.0,0.1818,2.0,0.0,0.0,0.0,0.0,0.0,0.0,0.0,0.0,0.0,0,0.0,0,0.0,0.0,0.0,0.0,0.0,2.0,2.0,0.0,0.0,2.0,0,klebsiella_pneumoniae_ssp_pneumoniae
vibrio_fluvialis,vc_mrlwr3c10,barmm,marawi_city,gadongan,lake_water,3,10,,r,i,,,,,,s,s,,r,s,s,,,s,s,,s,s,,s,s,2.0,13.0,0.1538,2.0,1.0,0.0,0.0,0.0,0.0,0.0,0.0,0.0,0.0,2,0.0,0,0.0,0.0,0.0,0.0,0.0,0.0,0.0,0.0,0.0,0.0,0,other
klebsiella_pneumoniae_ssp_pneumoniae,ec_pgfgr1c9,region_iii_central_luzon,pampanga,san_gabriel,fish_gusaw,1,9,neg,r,s,s,s,s,s,s,s,s,s,s,s,s,s,,s,s,s,s,s,i,s,s,1.0,22.0,0.0455,2.0,0.0,0.0,0.0,0.0,0.0,0.0,0.0,0.0,0.0,0,0.0,0,0.0,0.0,0.0,0.0,0.0,0.0,0.0,1.0,0.0,0.0,0,klebsiella_pneumoniae_ssp_pneumoniae
klebsiella_pneumoniae_ssp_pneumoniae,ec_mrftr2c5,barmm,marawi_city,gadongan,fish_tilapia,2,5,neg,r,s,s,s,s,s,s,s,s,s,s,s,s,s,,s,s,s,s,s,s,s,s,1.0,22.0,0.0455,2.0,0.0,0.0,0.0,0.0,0.0,0.0,0.0,0.0,0.0,0,0.0,0,0.0,0.0,0.0,0.0,0.0,0.0,0.0,0.0,0.0,0.0,0,klebsiella_pneumoniae_ssp_pneumoniae
klebsiella_pneumoniae_ssp_pneumoniae,ec_mrlwr1c20,barmm,marawi_city,gadongan,lake_water,1,20,neg,r,s,s,s,s,s,s,s,s,s,s,s,s,s,,s,s,s,s,s,s,s,s,1.0,22.0,0.0455,2.0,0.0,0.0,0.0,0.0,0.0,0.0,0.0,0.0,0.0,0,0.0,0,0.0,0.0,0.0,0.0,0.0,0.0,0.0,0.0,0.0,0.0,0,klebsiella_pneumoniae_ssp_pneumoniae
escherichia_coli,sgolfbr2c2,region_viii_eastern_visayas,ormoc,larrazabal,fish_banak,2,2,neg,s,s,s,s,s,s,s,s,s,s,s,s,s,s,,s,s,s,r,r,i,s,s,2.0,22.0,0.0909,0.0,0.0,0.0,0.0,0.0,0.0,0.0,0.0,0.0,0.0,0,0.0,0,0.0,0.0,0.0,0.0,0.0,2.0,2.0,1.0,0.0,0.0,0,escherichia_coli
escherichia_coli,ec_olrwr1c2,region_viii_eastern_visayas,ormoc,larrazabal,river_water,1,2,neg,s,s,s,s,s,s,s,s,s,s,s,s,s,s,,s,s,s,s,s,s,s,s,0.0,22.0,0.0,0.0,0.0,0.0,0.0,0.0,0.0,0.0,0.0,0.0,0.0,0,0.0,0,0.0,0.0,0.0,0.0,0.0,0.0,0.0,0.0,0.0,0.0,0,escherichia_coli
